id,camera_id,detection_time,label,confidence,event_time,event_type,gender,gender_confidence,age_range,age_confidence
0,1,2024-01-01T00:03:09,person counter,0.84,2024-01-01T00:03:09,enter,0,0.53,20-25,0.67
1,1,2024-01-01T00:15:46,person counter,0.57,2024-01-01T00:15:46,enter,0,0.79,20-25,0.99
2,1,2024-01-01T00:33:23,person counter,0.9,2024-01-01T00:33:23,enter,0,0.81,20-25,0.68
3,1,2024-01-01T00:34:23,person counter,0.81,2024-01-01T00:34:23,enter,1,0.77,20-25,0.92
4,1,2024-01-01T00:41:02,person counter,0.86,2024-01-01T00:41:02,exit,1,0.51,30-40,0.78
5,1,2024-01-01T00:44:19,person counter,0.93,2024-01-01T00:44:19,exit,0,0.94,30-40,0.9
6,1,2024-01-01T01:10:41,person counter,0.93,2024-01-01T01:10:41,exit,1,0.87,20-25,0.6
7,1,2024-01-01T01:24:50,person counter,0.86,2024-01-01T01:24:50,exit,1,0.73,30-40,0.71
8,1,2024-01-01T02:05:09,person counter,0.5,2024-01-01T02:05:09,exit,1,0.97,30-40,0.62
9,1,2024-01-01T02:20:04,person counter,0.84,2024-01-01T02:20:04,enter,1,0.92,30-40,0.86
10,1,2024-01-01T02:21:14,person counter,0.58,2024-01-01T02:21:14,enter,1,0.95,20-25,0.79
11,1,2024-01-01T02:30:50,person counter,0.76,2024-01-01T02:30:50,enter,0,0.78,30-40,0.88
12,1,2024-01-01T02:34:51,person counter,0.93,2024-01-01T02:34:51,exit,1,0.59,20-25,0.92
13,1,2024-01-01T02:34:57,person counter,0.89,2024-01-01T02:34:57,exit,1,0.63,20-25,0.53
14,1,2024-01-01T02:56:47,person counter,0.54,2024-01-01T02:56:47,enter,1,0.92,20-25,0.85
15,1,2024-01-01T03:17:21,person counter,0.82,2024-01-01T03:17:21,exit,0,0.91,30-40,0.57
16,1,2024-01-01T03:18:11,person counter,0.97,2024-01-01T03:18:11,enter,1,0.65,20-25,0.97
17,1,2024-01-01T03:21:50,person counter,0.94,2024-01-01T03:21:50,enter,1,0.77,30-40,0.69
18,1,2024-01-01T03:32:19,person counter,0.92,2024-01-01T03:32:19,enter,0,0.95,20-25,0.71
19,1,2024-01-01T03:33:56,person counter,0.83,2024-01-01T03:33:56,exit,1,0.84,30-40,0.5
20,1,2024-01-01T03:36:26,person counter,0.67,2024-01-01T03:36:26,exit,1,0.91,30-40,0.9
21,1,2024-01-01T03:36:47,person counter,0.95,2024-01-01T03:36:47,exit,1,0.88,20-25,0.88
22,1,2024-01-01T04:06:25,person counter,0.55,2024-01-01T04:06:25,enter,1,0.95,20-25,0.84
23,1,2024-01-01T04:17:43,person counter,0.99,2024-01-01T04:17:43,exit,0,0.89,30-40,0.66
24,1,2024-01-01T04:38:55,person counter,0.71,2024-01-01T04:38:55,enter,1,0.95,30-40,0.61
25,1,2024-01-01T04:44:20,person counter,0.79,2024-01-01T04:44:20,exit,1,0.86,30-40,0.79
26,1,2024-01-01T05:04:14,person counter,0.67,2024-01-01T05:04:14,enter,1,0.62,30-40,0.79
27,1,2024-01-01T05:04:46,person counter,0.85,2024-01-01T05:04:46,enter,1,0.95,30-40,0.57
28,1,2024-01-01T05:22:18,person counter,0.85,2024-01-01T05:22:18,exit,0,0.87,20-25,0.54
29,1,2024-01-01T05:35:02,person counter,0.94,2024-01-01T05:35:02,exit,0,0.9,30-40,0.73
30,1,2024-01-01T05:43:07,person counter,0.8,2024-01-01T05:43:07,exit,1,0.73,20-25,0.53
31,1,2024-01-01T05:50:13,person counter,0.68,2024-01-01T05:50:13,enter,0,0.58,30-40,0.81
32,1,2024-01-01T05:56:06,person counter,0.57,2024-01-01T05:56:06,exit,0,0.55,20-25,0.7
33,1,2024-01-01T06:10:27,person counter,0.94,2024-01-01T06:10:27,exit,0,0.53,30-40,0.55
34,1,2024-01-01T06:12:16,person counter,0.96,2024-01-01T06:12:16,exit,0,0.74,20-25,0.8
35,1,2024-01-01T06:23:14,person counter,0.53,2024-01-01T06:23:14,enter,1,0.99,20-25,0.73
36,1,2024-01-01T06:25:50,person counter,0.88,2024-01-01T06:25:50,enter,1,0.64,30-40,0.68
37,1,2024-01-01T06:30:46,person counter,0.64,2024-01-01T06:30:46,exit,0,0.77,20-25,0.79
38,1,2024-01-01T06:49:57,person counter,0.68,2024-01-01T06:49:57,enter,0,0.9,20-25,0.9
39,1,2024-01-01T07:03:00,person counter,0.76,2024-01-01T07:03:00,exit,0,0.84,20-25,0.5
40,1,2024-01-01T07:03:45,person counter,0.94,2024-01-01T07:03:45,enter,0,0.76,30-40,0.71
41,1,2024-01-01T07:30:03,person counter,0.7,2024-01-01T07:30:03,exit,0,0.89,20-25,0.97
42,1,2024-01-01T07:34:55,person counter,0.86,2024-01-01T07:34:55,exit,1,0.74,20-25,0.76
43,1,2024-01-01T07:38:59,person counter,0.89,2024-01-01T07:38:59,enter,0,0.57,20-25,0.76
44,1,2024-01-01T07:54:10,person counter,0.91,2024-01-01T07:54:10,enter,0,0.91,30-40,0.92
45,1,2024-01-01T08:09:12,person counter,0.51,2024-01-01T08:09:12,enter,1,0.65,20-25,0.52
46,1,2024-01-01T08:21:52,person counter,0.93,2024-01-01T08:21:52,exit,1,0.95,20-25,0.59
47,1,2024-01-01T08:22:42,person counter,0.57,2024-01-01T08:22:42,enter,0,0.54,20-25,0.52
48,1,2024-01-01T08:31:30,person counter,0.75,2024-01-01T08:31:30,exit,0,0.53,20-25,0.57
49,1,2024-01-01T08:54:01,person counter,0.96,2024-01-01T08:54:01,enter,1,0.95,20-25,0.53
50,1,2024-01-01T09:08:36,person counter,0.8,2024-01-01T09:08:36,exit,0,0.94,30-40,0.76
51,1,2024-01-01T09:14:57,person counter,0.63,2024-01-01T09:14:57,enter,1,0.57,30-40,0.55
52,1,2024-01-01T09:15:59,person counter,0.57,2024-01-01T09:15:59,enter,1,0.56,20-25,0.71
53,1,2024-01-01T09:28:32,person counter,0.67,2024-01-01T09:28:32,enter,1,0.83,20-25,0.66
54,1,2024-01-01T09:38:32,person counter,0.58,2024-01-01T09:38:32,enter,1,0.84,30-40,0.8
55,1,2024-01-01T09:49:53,person counter,0.84,2024-01-01T09:49:53,exit,0,0.97,20-25,0.53
56,1,2024-01-01T09:53:00,person counter,0.81,2024-01-01T09:53:00,enter,1,0.77,30-40,0.75
57,1,2024-01-01T10:01:46,person counter,0.99,2024-01-01T10:01:46,enter,1,0.96,30-40,0.86
58,1,2024-01-01T10:20:50,person counter,0.6,2024-01-01T10:20:50,exit,1,0.56,20-25,0.68
59,1,2024-01-01T10:22:29,person counter,0.53,2024-01-01T10:22:29,enter,1,0.78,20-25,0.89
60,1,2024-01-01T10:29:49,person counter,0.81,2024-01-01T10:29:49,exit,0,0.71,30-40,0.59
61,1,2024-01-01T10:34:23,person counter,0.64,2024-01-01T10:34:23,exit,1,0.88,20-25,0.82
62,1,2024-01-01T11:10:04,person counter,0.52,2024-01-01T11:10:04,enter,0,0.6,30-40,0.72
63,1,2024-01-01T11:17:35,person counter,0.64,2024-01-01T11:17:35,enter,1,0.84,30-40,0.8
64,1,2024-01-01T11:21:33,person counter,0.84,2024-01-01T11:21:33,enter,1,0.71,20-25,0.79
65,1,2024-01-01T11:35:26,person counter,0.65,2024-01-01T11:35:26,exit,1,0.86,20-25,0.81
66,1,2024-01-01T11:37:28,person counter,0.6,2024-01-01T11:37:28,exit,0,0.58,20-25,0.92
67,1,2024-01-01T11:50:41,person counter,0.93,2024-01-01T11:50:41,enter,0,0.59,20-25,0.92
68,1,2024-01-01T11:52:42,person counter,0.74,2024-01-01T11:52:42,exit,1,0.68,30-40,0.75
69,1,2024-01-01T11:53:17,person counter,0.94,2024-01-01T11:53:17,exit,1,0.97,20-25,0.62
70,1,2024-01-01T11:59:01,person counter,0.52,2024-01-01T11:59:01,exit,0,0.71,30-40,0.91
71,1,2024-01-01T12:11:05,person counter,0.82,2024-01-01T12:11:05,enter,0,0.89,30-40,0.86
72,1,2024-01-01T12:12:11,person counter,0.79,2024-01-01T12:12:11,enter,0,0.87,30-40,0.68
73,1,2024-01-01T12:49:06,person counter,0.8,2024-01-01T12:49:06,exit,0,0.81,20-25,0.69
74,1,2024-01-01T12:51:55,person counter,0.54,2024-01-01T12:51:55,enter,0,0.72,30-40,0.83
75,1,2024-01-01T12:57:37,person counter,0.97,2024-01-01T12:57:37,exit,0,0.53,20-25,0.53
76,1,2024-01-01T13:01:38,person counter,0.7,2024-01-01T13:01:38,enter,1,0.61,20-25,0.78
77,1,2024-01-01T13:12:26,person counter,0.78,2024-01-01T13:12:26,enter,1,0.74,20-25,0.56
78,1,2024-01-01T13:16:40,person counter,0.85,2024-01-01T13:16:40,enter,0,0.67,20-25,0.94
79,1,2024-01-01T13:18:10,person counter,0.95,2024-01-01T13:18:10,exit,0,0.58,20-25,0.86
80,1,2024-01-01T13:47:07,person counter,0.68,2024-01-01T13:47:07,exit,0,0.52,20-25,0.69
81,1,2024-01-01T14:05:42,person counter,0.7,2024-01-01T14:05:42,enter,0,0.97,30-40,0.59
82,1,2024-01-01T14:06:07,person counter,0.81,2024-01-01T14:06:07,enter,0,0.65,20-25,0.68
83,1,2024-01-01T14:06:07,person counter,0.94,2024-01-01T14:06:07,exit,0,0.69,30-40,0.54
84,1,2024-01-01T14:07:45,person counter,0.97,2024-01-01T14:07:45,exit,0,0.82,30-40,0.93
85,1,2024-01-01T14:14:01,person counter,0.56,2024-01-01T14:14:01,exit,1,0.83,20-25,0.9
86,1,2024-01-01T14:35:25,person counter,0.85,2024-01-01T14:35:25,enter,1,0.52,20-25,0.54
87,1,2024-01-01T14:38:38,person counter,0.53,2024-01-01T14:38:38,enter,1,0.87,30-40,0.61
88,1,2024-01-01T14:52:18,person counter,0.93,2024-01-01T14:52:18,enter,0,0.75,20-25,0.64
89,1,2024-01-01T15:00:01,person counter,0.54,2024-01-01T15:00:01,exit,1,0.63,20-25,0.75
90,1,2024-01-01T15:08:30,person counter,0.52,2024-01-01T15:08:30,exit,0,0.69,30-40,0.75
91,1,2024-01-01T15:16:30,person counter,0.97,2024-01-01T15:16:30,exit,1,0.53,20-25,0.61
92,1,2024-01-01T15:17:17,person counter,0.87,2024-01-01T15:17:17,enter,0,0.68,30-40,0.53
93,1,2024-01-01T15:20:52,person counter,0.63,2024-01-01T15:20:52,exit,1,0.99,20-25,0.61
94,1,2024-01-01T15:25:36,person counter,0.52,2024-01-01T15:25:36,enter,1,0.9,20-25,0.98
95,1,2024-01-01T15:31:04,person counter,0.56,2024-01-01T15:31:04,enter,1,0.54,20-25,0.9
96,1,2024-01-01T15:38:01,person counter,0.96,2024-01-01T15:38:01,exit,1,0.81,20-25,0.65
97,1,2024-01-01T15:44:36,person counter,0.84,2024-01-01T15:44:36,exit,0,0.59,30-40,0.72
98,1,2024-01-01T15:48:06,person counter,0.77,2024-01-01T15:48:06,exit,1,0.87,20-25,0.74
99,1,2024-01-01T15:49:43,person counter,0.88,2024-01-01T15:49:43,exit,1,0.53,30-40,0.66
100,1,2024-01-01T15:51:23,person counter,0.82,2024-01-01T15:51:23,enter,1,0.72,20-25,0.83
101,1,2024-01-01T15:55:02,person counter,0.52,2024-01-01T15:55:02,exit,0,0.81,20-25,0.71
102,1,2024-01-01T16:00:00,person counter,0.89,2024-01-01T16:00:00,enter,0,0.84,20-25,0.57
103,1,2024-01-01T16:03:05,person counter,0.54,2024-01-01T16:03:05,exit,1,0.7,30-40,0.79
104,1,2024-01-01T16:19:57,person counter,0.9,2024-01-01T16:19:57,enter,0,1.0,20-25,0.58
105,1,2024-01-01T16:34:33,person counter,0.8,2024-01-01T16:34:33,exit,1,0.86,20-25,0.99
106,1,2024-01-01T16:50:12,person counter,0.8,2024-01-01T16:50:12,enter,0,0.98,20-25,0.64
107,1,2024-01-01T16:59:09,person counter,0.67,2024-01-01T16:59:09,exit,0,0.55,30-40,0.89
108,1,2024-01-01T17:21:05,person counter,0.83,2024-01-01T17:21:05,exit,1,0.77,30-40,0.63
109,1,2024-01-01T17:27:54,person counter,0.97,2024-01-01T17:27:54,exit,0,0.93,30-40,0.96
110,1,2024-01-01T17:34:42,person counter,0.89,2024-01-01T17:34:42,exit,0,0.81,30-40,0.67
111,1,2024-01-01T17:41:23,person counter,0.66,2024-01-01T17:41:23,enter,1,0.83,20-25,0.89
112,1,2024-01-01T17:57:17,person counter,0.93,2024-01-01T17:57:17,exit,1,0.63,20-25,0.85
113,1,2024-01-01T18:06:41,person counter,0.8,2024-01-01T18:06:41,enter,1,0.54,20-25,0.59
114,1,2024-01-01T18:26:16,person counter,0.84,2024-01-01T18:26:16,enter,0,0.92,30-40,0.57
115,1,2024-01-01T18:32:10,person counter,0.87,2024-01-01T18:32:10,exit,0,0.58,20-25,0.98
116,1,2024-01-01T18:37:15,person counter,0.56,2024-01-01T18:37:15,exit,0,0.9,30-40,0.74
117,1,2024-01-01T18:37:45,person counter,0.99,2024-01-01T18:37:45,enter,1,0.79,30-40,0.81
118,1,2024-01-01T19:07:29,person counter,0.98,2024-01-01T19:07:29,exit,0,0.93,20-25,1.0
119,1,2024-01-01T19:10:47,person counter,0.78,2024-01-01T19:10:47,enter,1,0.55,30-40,0.86
120,1,2024-01-01T19:20:49,person counter,0.79,2024-01-01T19:20:49,exit,1,0.73,30-40,0.54
121,1,2024-01-01T19:22:53,person counter,0.77,2024-01-01T19:22:53,exit,0,0.62,30-40,0.85
122,1,2024-01-01T19:23:46,person counter,0.77,2024-01-01T19:23:46,enter,1,0.7,30-40,0.7
123,1,2024-01-01T19:29:38,person counter,0.81,2024-01-01T19:29:38,exit,1,0.86,20-25,0.93
124,1,2024-01-01T19:34:30,person counter,0.72,2024-01-01T19:34:30,enter,1,0.84,30-40,0.63
125,1,2024-01-01T19:35:01,person counter,0.79,2024-01-01T19:35:01,exit,1,0.62,20-25,0.84
126,1,2024-01-01T20:01:11,person counter,0.67,2024-01-01T20:01:11,enter,0,0.88,30-40,0.51
127,1,2024-01-01T20:05:44,person counter,0.62,2024-01-01T20:05:44,exit,1,0.8,30-40,0.71
128,1,2024-01-01T20:13:17,person counter,0.52,2024-01-01T20:13:17,enter,1,0.68,30-40,0.8
129,1,2024-01-01T20:33:20,person counter,0.83,2024-01-01T20:33:20,enter,1,0.78,30-40,0.53
130,1,2024-01-01T20:40:47,person counter,0.92,2024-01-01T20:40:47,exit,0,0.96,30-40,0.96
131,1,2024-01-01T20:42:15,person counter,0.87,2024-01-01T20:42:15,enter,1,0.56,20-25,0.57
132,1,2024-01-01T20:47:01,person counter,0.77,2024-01-01T20:47:01,exit,1,0.65,30-40,0.67
133,1,2024-01-01T21:00:45,person counter,0.61,2024-01-01T21:00:45,enter,1,0.75,20-25,0.99
134,1,2024-01-01T21:08:50,person counter,1.0,2024-01-01T21:08:50,exit,1,0.94,30-40,0.55
135,1,2024-01-01T21:24:06,person counter,0.56,2024-01-01T21:24:06,enter,1,0.84,20-25,0.69
136,1,2024-01-01T21:50:47,person counter,0.95,2024-01-01T21:50:47,exit,0,0.8,30-40,0.67
137,1,2024-01-01T22:12:10,person counter,0.72,2024-01-01T22:12:10,exit,1,0.76,30-40,0.8
138,1,2024-01-01T22:14:37,person counter,0.57,2024-01-01T22:14:37,enter,0,0.61,30-40,0.64
139,1,2024-01-01T22:37:55,person counter,0.95,2024-01-01T22:37:55,exit,1,0.51,20-25,0.79
140,1,2024-01-01T22:59:24,person counter,0.94,2024-01-01T22:59:24,enter,1,0.5,20-25,0.55
141,1,2024-01-01T23:17:09,person counter,0.92,2024-01-01T23:17:09,enter,0,0.51,30-40,0.56
142,1,2024-01-01T23:26:06,person counter,0.56,2024-01-01T23:26:06,enter,1,0.76,30-40,0.63
143,1,2024-01-01T23:34:19,person counter,0.67,2024-01-01T23:34:19,enter,1,0.83,20-25,0.83
144,1,2024-01-01T23:53:52,person counter,0.66,2024-01-01T23:53:52,enter,1,0.95,30-40,0.91
145,1,2024-01-02T00:02:56,person counter,0.81,2024-01-02T00:02:56,enter,0,0.54,20-25,0.65
146,1,2024-01-02T00:06:46,person counter,0.58,2024-01-02T00:06:46,enter,0,0.99,30-40,1.0
147,1,2024-01-02T00:26:44,person counter,0.82,2024-01-02T00:26:44,enter,0,0.95,30-40,0.76
148,1,2024-01-02T00:35:08,person counter,0.61,2024-01-02T00:35:08,enter,1,0.55,20-25,0.94
149,1,2024-01-02T00:39:47,person counter,0.84,2024-01-02T00:39:47,exit,0,0.92,20-25,0.7
150,1,2024-01-02T00:47:21,person counter,0.67,2024-01-02T00:47:21,enter,1,0.76,20-25,0.78
151,1,2024-01-02T00:56:49,person counter,0.6,2024-01-02T00:56:49,exit,1,0.99,30-40,0.96
152,1,2024-01-02T01:01:53,person counter,0.71,2024-01-02T01:01:53,enter,1,0.87,20-25,0.93
153,1,2024-01-02T01:19:17,person counter,0.78,2024-01-02T01:19:17,enter,1,0.57,20-25,0.88
154,1,2024-01-02T01:30:10,person counter,0.84,2024-01-02T01:30:10,enter,1,0.56,20-25,0.64
155,1,2024-01-02T01:46:20,person counter,0.97,2024-01-02T01:46:20,enter,1,0.7,30-40,0.66
156,1,2024-01-02T01:47:40,person counter,0.53,2024-01-02T01:47:40,exit,1,0.92,30-40,0.67
157,1,2024-01-02T01:51:14,person counter,0.84,2024-01-02T01:51:14,exit,0,0.64,30-40,0.76
158,1,2024-01-02T01:52:10,person counter,0.69,2024-01-02T01:52:10,exit,1,0.64,30-40,0.58
159,1,2024-01-02T02:03:55,person counter,0.68,2024-01-02T02:03:55,enter,0,0.93,20-25,0.82
160,1,2024-01-02T02:15:21,person counter,0.88,2024-01-02T02:15:21,enter,0,0.79,20-25,0.81
161,1,2024-01-02T02:22:03,person counter,0.93,2024-01-02T02:22:03,exit,0,0.89,20-25,0.85
162,1,2024-01-02T02:29:39,person counter,0.69,2024-01-02T02:29:39,enter,1,0.77,20-25,0.54
163,1,2024-01-02T02:32:43,person counter,0.93,2024-01-02T02:32:43,exit,0,0.59,30-40,0.57
164,1,2024-01-02T02:41:25,person counter,0.67,2024-01-02T02:41:25,enter,0,0.95,30-40,0.69
165,1,2024-01-02T03:16:48,person counter,0.82,2024-01-02T03:16:48,exit,1,0.96,30-40,0.5
166,1,2024-01-02T03:32:04,person counter,0.82,2024-01-02T03:32:04,enter,0,0.92,30-40,0.72
167,1,2024-01-02T03:35:21,person counter,0.97,2024-01-02T03:35:21,exit,1,0.69,30-40,0.84
168,1,2024-01-02T03:39:16,person counter,0.59,2024-01-02T03:39:16,enter,1,0.82,30-40,0.74
169,1,2024-01-02T03:44:25,person counter,0.64,2024-01-02T03:44:25,enter,0,0.95,20-25,0.73
170,1,2024-01-02T03:59:44,person counter,0.76,2024-01-02T03:59:44,enter,1,0.77,30-40,0.5
171,1,2024-01-02T04:00:26,person counter,0.64,2024-01-02T04:00:26,exit,0,0.54,20-25,0.97
172,1,2024-01-02T04:04:18,person counter,0.71,2024-01-02T04:04:18,exit,0,0.55,20-25,0.63
173,1,2024-01-02T04:13:26,person counter,0.53,2024-01-02T04:13:26,exit,0,0.61,30-40,0.56
174,1,2024-01-02T04:34:01,person counter,0.96,2024-01-02T04:34:01,exit,0,0.65,30-40,0.52
175,1,2024-01-02T04:56:17,person counter,0.55,2024-01-02T04:56:17,exit,0,0.97,30-40,0.6
176,1,2024-01-02T05:04:23,person counter,0.99,2024-01-02T05:04:23,exit,0,0.52,20-25,0.93
177,1,2024-01-02T05:04:48,person counter,0.67,2024-01-02T05:04:48,exit,0,0.79,30-40,0.68
178,1,2024-01-02T05:32:04,person counter,0.94,2024-01-02T05:32:04,enter,0,0.98,20-25,0.54
179,1,2024-01-02T06:18:05,person counter,0.87,2024-01-02T06:18:05,exit,0,0.82,20-25,0.79
180,1,2024-01-02T06:22:14,person counter,0.89,2024-01-02T06:22:14,enter,0,0.51,30-40,0.72
181,1,2024-01-02T06:26:40,person counter,0.67,2024-01-02T06:26:40,enter,1,0.76,20-25,0.81
182,1,2024-01-02T06:48:49,person counter,0.62,2024-01-02T06:48:49,enter,0,0.91,20-25,0.88
183,1,2024-01-02T07:00:57,person counter,0.8,2024-01-02T07:00:57,exit,0,0.96,30-40,0.55
184,1,2024-01-02T07:10:12,person counter,0.57,2024-01-02T07:10:12,exit,0,0.6,30-40,0.86
185,1,2024-01-02T07:39:24,person counter,0.68,2024-01-02T07:39:24,enter,0,0.53,30-40,0.84
186,1,2024-01-02T07:44:19,person counter,0.97,2024-01-02T07:44:19,exit,1,0.72,20-25,0.83
187,1,2024-01-02T07:44:20,person counter,0.78,2024-01-02T07:44:20,exit,0,0.85,20-25,0.63
188,1,2024-01-02T07:45:41,person counter,0.72,2024-01-02T07:45:41,exit,0,0.53,30-40,0.91
189,1,2024-01-02T07:48:57,person counter,0.94,2024-01-02T07:48:57,exit,0,0.52,20-25,0.92
190,1,2024-01-02T07:59:38,person counter,0.81,2024-01-02T07:59:38,exit,1,0.67,30-40,0.64
191,1,2024-01-02T08:01:37,person counter,0.89,2024-01-02T08:01:37,enter,0,0.69,20-25,0.69
192,1,2024-01-02T08:19:07,person counter,0.92,2024-01-02T08:19:07,exit,0,0.99,30-40,0.91
193,1,2024-01-02T08:25:45,person counter,0.63,2024-01-02T08:25:45,exit,1,0.86,30-40,0.68
194,1,2024-01-02T08:39:49,person counter,0.65,2024-01-02T08:39:49,enter,0,0.85,30-40,0.59
195,1,2024-01-02T08:53:51,person counter,0.73,2024-01-02T08:53:51,exit,0,0.64,30-40,0.71
196,1,2024-01-02T09:01:07,person counter,0.83,2024-01-02T09:01:07,enter,1,0.98,20-25,1.0
197,1,2024-01-02T09:01:53,person counter,0.53,2024-01-02T09:01:53,enter,1,0.93,30-40,0.69
198,1,2024-01-02T09:10:24,person counter,0.71,2024-01-02T09:10:24,exit,1,0.62,30-40,0.59
199,1,2024-01-02T09:16:45,person counter,0.77,2024-01-02T09:16:45,enter,1,0.72,30-40,0.58
200,1,2024-01-02T09:54:54,person counter,0.85,2024-01-02T09:54:54,exit,1,0.51,20-25,0.84
201,1,2024-01-02T09:59:27,person counter,0.55,2024-01-02T09:59:27,exit,1,0.59,30-40,0.6
202,1,2024-01-02T10:08:25,person counter,0.94,2024-01-02T10:08:25,exit,1,0.91,30-40,0.89
203,1,2024-01-02T10:25:54,person counter,0.91,2024-01-02T10:25:54,enter,0,0.99,30-40,0.66
204,1,2024-01-02T10:27:10,person counter,0.84,2024-01-02T10:27:10,enter,1,0.65,20-25,0.67
205,1,2024-01-02T10:36:03,person counter,0.58,2024-01-02T10:36:03,enter,1,0.51,30-40,0.96
206,1,2024-01-02T10:55:15,person counter,0.85,2024-01-02T10:55:15,enter,0,0.64,30-40,0.96
207,1,2024-01-02T10:55:17,person counter,0.97,2024-01-02T10:55:17,enter,1,0.59,20-25,0.71
208,1,2024-01-02T10:56:06,person counter,0.65,2024-01-02T10:56:06,enter,1,0.75,20-25,0.7
209,1,2024-01-02T10:59:58,person counter,0.95,2024-01-02T10:59:58,enter,0,0.91,30-40,0.57
210,1,2024-01-02T11:05:04,person counter,0.75,2024-01-02T11:05:04,exit,0,0.56,30-40,0.98
211,1,2024-01-02T11:08:04,person counter,0.59,2024-01-02T11:08:04,enter,0,0.95,30-40,0.53
212,1,2024-01-02T11:32:35,person counter,0.59,2024-01-02T11:32:35,exit,1,0.77,30-40,0.81
213,1,2024-01-02T11:56:34,person counter,0.56,2024-01-02T11:56:34,enter,0,0.98,30-40,0.64
214,1,2024-01-02T12:14:00,person counter,0.83,2024-01-02T12:14:00,enter,1,0.92,30-40,0.62
215,1,2024-01-02T12:15:48,person counter,0.55,2024-01-02T12:15:48,enter,1,0.98,20-25,0.53
216,1,2024-01-02T12:24:10,person counter,0.83,2024-01-02T12:24:10,enter,0,0.84,20-25,0.51
217,1,2024-01-02T12:25:36,person counter,0.6,2024-01-02T12:25:36,exit,1,0.93,20-25,0.68
218,1,2024-01-02T12:33:27,person counter,0.57,2024-01-02T12:33:27,exit,0,0.72,20-25,0.94
219,1,2024-01-02T12:34:06,person counter,0.8,2024-01-02T12:34:06,exit,0,0.64,20-25,0.93
220,1,2024-01-02T12:39:34,person counter,0.92,2024-01-02T12:39:34,exit,0,0.96,30-40,0.63
221,1,2024-01-02T12:47:53,person counter,0.59,2024-01-02T12:47:53,exit,1,0.92,30-40,0.94
222,1,2024-01-02T13:07:34,person counter,0.72,2024-01-02T13:07:34,exit,0,0.78,30-40,0.52
223,1,2024-01-02T13:21:45,person counter,0.84,2024-01-02T13:21:45,exit,0,0.65,30-40,0.71
224,1,2024-01-02T13:44:41,person counter,0.55,2024-01-02T13:44:41,enter,1,0.85,30-40,0.83
225,1,2024-01-02T13:48:14,person counter,0.99,2024-01-02T13:48:14,exit,0,0.89,20-25,0.59
226,1,2024-01-02T13:50:30,person counter,0.99,2024-01-02T13:50:30,exit,0,0.78,30-40,0.91
227,1,2024-01-02T14:06:10,person counter,0.76,2024-01-02T14:06:10,enter,1,0.89,30-40,0.76
228,1,2024-01-02T14:09:27,person counter,0.96,2024-01-02T14:09:27,enter,0,0.77,20-25,0.57
229,1,2024-01-02T14:46:06,person counter,0.93,2024-01-02T14:46:06,exit,0,0.71,20-25,0.72
230,1,2024-01-02T14:48:09,person counter,0.72,2024-01-02T14:48:09,exit,0,0.51,20-25,0.7
231,1,2024-01-02T14:51:44,person counter,0.86,2024-01-02T14:51:44,enter,0,0.87,20-25,0.65
232,1,2024-01-02T14:58:40,person counter,0.75,2024-01-02T14:58:40,enter,1,0.91,20-25,0.9
233,1,2024-01-02T15:03:08,person counter,0.93,2024-01-02T15:03:08,enter,0,0.55,20-25,0.84
234,1,2024-01-02T15:26:12,person counter,0.8,2024-01-02T15:26:12,exit,1,0.55,30-40,0.9
235,1,2024-01-02T15:54:48,person counter,0.98,2024-01-02T15:54:48,enter,1,0.6,30-40,0.75
236,1,2024-01-02T15:56:35,person counter,0.76,2024-01-02T15:56:35,exit,1,0.74,20-25,0.7
237,1,2024-01-02T16:46:59,person counter,0.71,2024-01-02T16:46:59,exit,1,0.83,20-25,0.89
238,1,2024-01-02T16:50:34,person counter,0.73,2024-01-02T16:50:34,exit,0,0.79,20-25,0.52
239,1,2024-01-02T16:58:31,person counter,0.6,2024-01-02T16:58:31,exit,0,0.92,30-40,0.5
240,1,2024-01-02T17:03:18,person counter,0.69,2024-01-02T17:03:18,enter,1,0.84,20-25,0.91
241,1,2024-01-02T18:01:06,person counter,0.57,2024-01-02T18:01:06,enter,1,0.55,30-40,0.54
242,1,2024-01-02T18:02:42,person counter,0.69,2024-01-02T18:02:42,exit,0,0.97,30-40,0.62
243,1,2024-01-02T18:19:59,person counter,0.93,2024-01-02T18:19:59,exit,1,0.57,20-25,0.73
244,1,2024-01-02T18:39:18,person counter,0.5,2024-01-02T18:39:18,enter,1,0.56,20-25,0.79
245,1,2024-01-02T18:58:48,person counter,0.87,2024-01-02T18:58:48,exit,1,0.64,30-40,0.76
246,1,2024-01-02T19:02:58,person counter,0.75,2024-01-02T19:02:58,exit,1,0.94,20-25,0.59
247,1,2024-01-02T19:16:01,person counter,0.75,2024-01-02T19:16:01,enter,1,0.62,30-40,0.89
248,1,2024-01-02T19:18:12,person counter,0.93,2024-01-02T19:18:12,enter,0,0.72,30-40,0.93
249,1,2024-01-02T19:22:12,person counter,0.56,2024-01-02T19:22:12,enter,1,0.62,30-40,0.59
250,1,2024-01-02T19:27:26,person counter,0.82,2024-01-02T19:27:26,enter,1,0.74,30-40,0.83
251,1,2024-01-02T19:41:55,person counter,0.61,2024-01-02T19:41:55,enter,0,0.74,20-25,0.92
252,1,2024-01-02T19:43:01,person counter,0.89,2024-01-02T19:43:01,exit,0,0.88,20-25,0.87
253,1,2024-01-02T19:57:52,person counter,0.82,2024-01-02T19:57:52,exit,1,0.72,20-25,0.92
254,1,2024-01-02T20:20:58,person counter,0.63,2024-01-02T20:20:58,exit,0,0.52,30-40,0.72
255,1,2024-01-02T20:28:03,person counter,0.64,2024-01-02T20:28:03,enter,1,0.84,30-40,0.87
256,1,2024-01-02T20:33:34,person counter,0.52,2024-01-02T20:33:34,enter,1,0.95,30-40,0.89
257,1,2024-01-02T20:39:29,person counter,0.87,2024-01-02T20:39:29,exit,1,0.78,30-40,0.92
258,1,2024-01-02T20:44:01,person counter,0.65,2024-01-02T20:44:01,exit,1,0.53,30-40,0.85
259,1,2024-01-02T20:48:57,person counter,0.89,2024-01-02T20:48:57,enter,1,1.0,30-40,0.93
260,1,2024-01-02T21:05:29,person counter,0.65,2024-01-02T21:05:29,exit,1,0.52,20-25,0.66
261,1,2024-01-02T21:21:47,person counter,0.54,2024-01-02T21:21:47,enter,1,0.58,30-40,0.74
262,1,2024-01-02T21:37:34,person counter,0.61,2024-01-02T21:37:34,exit,0,0.69,20-25,0.53
263,1,2024-01-02T21:40:16,person counter,0.67,2024-01-02T21:40:16,exit,1,0.97,30-40,0.5
264,1,2024-01-02T21:41:10,person counter,0.74,2024-01-02T21:41:10,exit,1,0.89,30-40,0.9
265,1,2024-01-02T21:46:14,person counter,0.59,2024-01-02T21:46:14,enter,0,0.76,30-40,0.74
266,1,2024-01-02T22:07:02,person counter,0.87,2024-01-02T22:07:02,exit,1,0.82,20-25,0.52
267,1,2024-01-02T22:07:17,person counter,0.71,2024-01-02T22:07:17,exit,1,0.76,30-40,0.69
268,1,2024-01-02T22:18:40,person counter,1.0,2024-01-02T22:18:40,exit,1,0.51,30-40,0.99
269,1,2024-01-02T22:31:50,person counter,0.79,2024-01-02T22:31:50,enter,0,0.93,30-40,0.56
270,1,2024-01-02T22:38:30,person counter,0.84,2024-01-02T22:38:30,exit,0,0.99,30-40,0.67
271,1,2024-01-02T22:44:50,person counter,0.59,2024-01-02T22:44:50,exit,0,0.76,20-25,0.73
272,1,2024-01-02T22:46:34,person counter,0.78,2024-01-02T22:46:34,enter,1,0.97,30-40,0.56
273,1,2024-01-02T22:47:22,person counter,0.76,2024-01-02T22:47:22,enter,0,0.81,30-40,0.82
274,1,2024-01-02T22:59:47,person counter,0.7,2024-01-02T22:59:47,enter,0,0.58,20-25,0.79
275,1,2024-01-02T23:16:02,person counter,0.68,2024-01-02T23:16:02,enter,1,0.73,30-40,0.99
276,1,2024-01-02T23:22:22,person counter,0.65,2024-01-02T23:22:22,enter,1,0.8,30-40,0.74
277,1,2024-01-02T23:30:50,person counter,0.93,2024-01-02T23:30:50,enter,1,0.52,20-25,0.91
278,1,2024-01-02T23:36:57,person counter,0.8,2024-01-02T23:36:57,exit,0,0.76,30-40,0.57
279,1,2024-01-02T23:39:54,person counter,0.94,2024-01-02T23:39:54,enter,0,0.96,30-40,0.94
280,1,2024-01-02T23:53:16,person counter,0.52,2024-01-02T23:53:16,enter,1,0.64,20-25,0.95
281,1,2024-01-03T00:05:07,person counter,0.53,2024-01-03T00:05:07,exit,1,0.64,20-25,0.94
282,1,2024-01-03T00:23:00,person counter,0.53,2024-01-03T00:23:00,enter,0,0.81,30-40,0.94
283,1,2024-01-03T00:23:03,person counter,0.66,2024-01-03T00:23:03,exit,1,0.87,30-40,0.75
284,1,2024-01-03T00:25:13,person counter,0.66,2024-01-03T00:25:13,enter,0,0.99,30-40,0.95
285,1,2024-01-03T00:26:22,person counter,0.82,2024-01-03T00:26:22,enter,0,0.95,30-40,0.56
286,1,2024-01-03T00:29:07,person counter,0.79,2024-01-03T00:29:07,enter,1,0.59,30-40,0.74
287,1,2024-01-03T00:45:07,person counter,0.68,2024-01-03T00:45:07,exit,0,0.91,30-40,0.56
288,1,2024-01-03T00:59:54,person counter,0.99,2024-01-03T00:59:54,enter,1,0.61,20-25,0.92
289,1,2024-01-03T01:05:44,person counter,0.55,2024-01-03T01:05:44,enter,1,0.93,30-40,0.95
290,1,2024-01-03T01:10:49,person counter,0.62,2024-01-03T01:10:49,exit,1,0.66,20-25,0.66
291,1,2024-01-03T01:19:51,person counter,0.64,2024-01-03T01:19:51,exit,0,0.51,30-40,0.65
292,1,2024-01-03T01:19:57,person counter,0.65,2024-01-03T01:19:57,enter,0,0.64,20-25,0.82
293,1,2024-01-03T01:26:57,person counter,0.76,2024-01-03T01:26:57,exit,1,0.69,20-25,0.68
294,1,2024-01-03T01:27:39,person counter,0.59,2024-01-03T01:27:39,exit,0,0.77,20-25,0.85
295,1,2024-01-03T01:35:24,person counter,0.64,2024-01-03T01:35:24,exit,1,0.63,30-40,0.63
296,1,2024-01-03T01:59:58,person counter,0.59,2024-01-03T01:59:58,exit,0,0.8,30-40,0.91
297,1,2024-01-03T02:00:27,person counter,0.84,2024-01-03T02:00:27,enter,0,0.68,30-40,0.62
298,1,2024-01-03T02:04:33,person counter,0.72,2024-01-03T02:04:33,enter,0,0.97,30-40,0.59
299,1,2024-01-03T02:06:37,person counter,0.98,2024-01-03T02:06:37,enter,0,0.64,20-25,0.78
300,1,2024-01-03T02:23:15,person counter,0.68,2024-01-03T02:23:15,exit,0,0.53,30-40,0.73
301,1,2024-01-03T02:36:25,person counter,0.65,2024-01-03T02:36:25,enter,1,0.81,20-25,0.69
302,1,2024-01-03T03:02:56,person counter,0.71,2024-01-03T03:02:56,enter,0,0.62,30-40,0.59
303,1,2024-01-03T03:14:16,person counter,0.73,2024-01-03T03:14:16,exit,1,0.85,30-40,0.88
304,1,2024-01-03T03:19:26,person counter,0.65,2024-01-03T03:19:26,enter,0,0.78,20-25,0.97
305,1,2024-01-03T03:32:03,person counter,0.7,2024-01-03T03:32:03,enter,0,0.8,30-40,0.77
306,1,2024-01-03T03:33:21,person counter,0.51,2024-01-03T03:33:21,enter,0,0.66,30-40,0.51
307,1,2024-01-03T03:40:47,person counter,0.94,2024-01-03T03:40:47,enter,1,0.58,30-40,0.97
308,1,2024-01-03T03:43:13,person counter,0.87,2024-01-03T03:43:13,exit,1,0.87,30-40,0.95
309,1,2024-01-03T03:56:06,person counter,0.94,2024-01-03T03:56:06,exit,0,0.66,30-40,0.96
310,1,2024-01-03T04:14:56,person counter,0.52,2024-01-03T04:14:56,exit,1,0.77,30-40,0.55
311,1,2024-01-03T04:41:54,person counter,0.88,2024-01-03T04:41:54,exit,0,0.95,20-25,0.69
312,1,2024-01-03T04:56:30,person counter,0.52,2024-01-03T04:56:30,exit,0,0.88,30-40,0.79
313,1,2024-01-03T05:05:29,person counter,0.9,2024-01-03T05:05:29,exit,1,0.6,30-40,0.59
314,1,2024-01-03T05:05:36,person counter,0.98,2024-01-03T05:05:36,enter,1,0.77,30-40,0.91
315,1,2024-01-03T05:33:03,person counter,0.58,2024-01-03T05:33:03,exit,0,0.92,30-40,0.7
316,1,2024-01-03T05:33:04,person counter,0.82,2024-01-03T05:33:04,enter,1,0.7,20-25,0.56
317,1,2024-01-03T05:36:09,person counter,0.68,2024-01-03T05:36:09,exit,0,0.72,30-40,0.97
318,1,2024-01-03T05:57:48,person counter,0.98,2024-01-03T05:57:48,exit,1,0.67,30-40,0.96
319,1,2024-01-03T06:03:42,person counter,0.74,2024-01-03T06:03:42,exit,0,0.69,30-40,0.86
320,1,2024-01-03T06:26:10,person counter,0.69,2024-01-03T06:26:10,exit,0,0.85,20-25,0.6
321,1,2024-01-03T06:28:17,person counter,0.66,2024-01-03T06:28:17,exit,1,0.62,30-40,0.93
322,1,2024-01-03T06:37:04,person counter,0.7,2024-01-03T06:37:04,exit,0,0.53,30-40,0.76
323,1,2024-01-03T06:42:23,person counter,0.59,2024-01-03T06:42:23,enter,0,0.86,20-25,0.91
324,1,2024-01-03T06:56:22,person counter,0.69,2024-01-03T06:56:22,enter,0,0.76,30-40,0.94
325,1,2024-01-03T06:58:53,person counter,0.59,2024-01-03T06:58:53,exit,1,0.66,20-25,0.77
326,1,2024-01-03T07:02:10,person counter,0.6,2024-01-03T07:02:10,enter,1,0.65,20-25,0.94
327,1,2024-01-03T07:19:34,person counter,0.67,2024-01-03T07:19:34,enter,1,0.55,20-25,0.59
328,1,2024-01-03T07:24:51,person counter,0.77,2024-01-03T07:24:51,exit,0,0.55,30-40,0.54
329,1,2024-01-03T07:26:10,person counter,0.58,2024-01-03T07:26:10,enter,0,0.74,30-40,0.54
330,1,2024-01-03T07:44:59,person counter,0.65,2024-01-03T07:44:59,enter,1,0.68,30-40,0.76
331,1,2024-01-03T07:53:16,person counter,0.75,2024-01-03T07:53:16,enter,1,0.76,30-40,0.76
332,1,2024-01-03T07:55:45,person counter,0.53,2024-01-03T07:55:45,exit,0,0.58,30-40,0.51
333,1,2024-01-03T07:57:05,person counter,0.52,2024-01-03T07:57:05,enter,0,0.79,30-40,0.54
334,1,2024-01-03T08:10:58,person counter,0.96,2024-01-03T08:10:58,enter,0,0.54,30-40,0.53
335,1,2024-01-03T08:29:44,person counter,0.66,2024-01-03T08:29:44,enter,0,0.76,20-25,0.82
336,1,2024-01-03T08:34:03,person counter,0.68,2024-01-03T08:34:03,enter,0,0.7,20-25,0.57
337,1,2024-01-03T08:50:50,person counter,0.81,2024-01-03T08:50:50,enter,1,0.8,20-25,0.58
338,1,2024-01-03T08:56:40,person counter,0.62,2024-01-03T08:56:40,enter,1,0.76,30-40,0.61
339,1,2024-01-03T09:00:13,person counter,0.77,2024-01-03T09:00:13,exit,0,0.64,30-40,0.98
340,1,2024-01-03T09:26:37,person counter,0.61,2024-01-03T09:26:37,enter,0,0.53,20-25,0.92
341,1,2024-01-03T09:27:37,person counter,0.63,2024-01-03T09:27:37,enter,1,0.55,20-25,0.7
342,1,2024-01-03T09:48:17,person counter,0.85,2024-01-03T09:48:17,exit,1,0.99,20-25,0.65
343,1,2024-01-03T09:53:13,person counter,0.72,2024-01-03T09:53:13,enter,1,0.74,30-40,0.76
344,1,2024-01-03T09:59:35,person counter,0.97,2024-01-03T09:59:35,enter,0,0.87,30-40,0.71
345,1,2024-01-03T10:21:41,person counter,0.71,2024-01-03T10:21:41,enter,1,0.84,20-25,0.52
346,1,2024-01-03T10:23:22,person counter,0.88,2024-01-03T10:23:22,exit,1,0.89,30-40,0.8
347,1,2024-01-03T10:24:26,person counter,0.89,2024-01-03T10:24:26,exit,1,0.61,30-40,0.94
348,1,2024-01-03T10:49:15,person counter,0.9,2024-01-03T10:49:15,exit,1,0.52,30-40,0.53
349,1,2024-01-03T10:58:26,person counter,0.94,2024-01-03T10:58:26,enter,0,0.67,30-40,0.76
350,1,2024-01-03T10:59:24,person counter,0.8,2024-01-03T10:59:24,exit,1,0.76,20-25,0.64
351,1,2024-01-03T11:13:46,person counter,0.71,2024-01-03T11:13:46,enter,0,0.84,20-25,0.77
352,1,2024-01-03T11:24:48,person counter,0.55,2024-01-03T11:24:48,enter,1,0.92,30-40,0.92
353,1,2024-01-03T11:30:34,person counter,0.73,2024-01-03T11:30:34,exit,1,0.73,30-40,0.69
354,1,2024-01-03T11:40:37,person counter,0.7,2024-01-03T11:40:37,enter,0,0.76,30-40,0.87
355,1,2024-01-03T11:43:34,person counter,0.87,2024-01-03T11:43:34,exit,0,0.75,30-40,0.71
356,1,2024-01-03T11:46:38,person counter,0.95,2024-01-03T11:46:38,enter,0,0.65,20-25,0.52
357,1,2024-01-03T12:00:13,person counter,0.54,2024-01-03T12:00:13,enter,1,0.78,20-25,0.71
358,1,2024-01-03T12:00:54,person counter,0.75,2024-01-03T12:00:54,enter,0,0.9,20-25,0.92
359,1,2024-01-03T12:13:56,person counter,0.52,2024-01-03T12:13:56,enter,0,0.86,30-40,0.94
360,1,2024-01-03T12:33:05,person counter,0.69,2024-01-03T12:33:05,enter,0,0.98,30-40,0.81
361,1,2024-01-03T12:35:18,person counter,0.97,2024-01-03T12:35:18,enter,0,0.88,30-40,0.59
362,1,2024-01-03T13:02:39,person counter,0.79,2024-01-03T13:02:39,enter,0,0.67,20-25,0.95
363,1,2024-01-03T13:04:41,person counter,0.6,2024-01-03T13:04:41,enter,1,0.82,30-40,0.7
364,1,2024-01-03T13:19:59,person counter,0.61,2024-01-03T13:19:59,exit,1,0.6,20-25,0.65
365,1,2024-01-03T13:25:12,person counter,0.93,2024-01-03T13:25:12,exit,0,0.61,30-40,0.6
366,1,2024-01-03T13:32:17,person counter,0.85,2024-01-03T13:32:17,exit,0,0.77,20-25,0.62
367,1,2024-01-03T13:41:59,person counter,0.69,2024-01-03T13:41:59,enter,1,0.7,20-25,0.53
368,1,2024-01-03T13:54:11,person counter,0.71,2024-01-03T13:54:11,exit,1,0.76,20-25,0.52
369,1,2024-01-03T13:56:04,person counter,0.91,2024-01-03T13:56:04,exit,0,0.82,20-25,0.89
370,1,2024-01-03T14:00:49,person counter,0.76,2024-01-03T14:00:49,exit,1,0.83,30-40,0.76
371,1,2024-01-03T14:03:41,person counter,0.82,2024-01-03T14:03:41,exit,0,0.92,30-40,0.71
372,1,2024-01-03T14:04:14,person counter,0.82,2024-01-03T14:04:14,exit,1,0.76,30-40,0.76
373,1,2024-01-03T14:10:42,person counter,0.91,2024-01-03T14:10:42,exit,1,0.73,30-40,0.59
374,1,2024-01-03T14:29:12,person counter,0.68,2024-01-03T14:29:12,enter,1,0.5,30-40,0.65
375,1,2024-01-03T14:38:06,person counter,0.91,2024-01-03T14:38:06,exit,0,0.61,20-25,0.71
376,1,2024-01-03T15:04:32,person counter,0.52,2024-01-03T15:04:32,enter,0,0.65,20-25,0.63
377,1,2024-01-03T15:13:22,person counter,0.82,2024-01-03T15:13:22,exit,1,0.77,20-25,0.92
378,1,2024-01-03T15:18:07,person counter,0.96,2024-01-03T15:18:07,enter,1,0.85,20-25,0.64
379,1,2024-01-03T15:21:58,person counter,0.89,2024-01-03T15:21:58,exit,0,0.75,20-25,0.73
380,1,2024-01-03T15:33:40,person counter,0.94,2024-01-03T15:33:40,exit,0,0.99,30-40,0.63
381,1,2024-01-03T15:39:13,person counter,0.72,2024-01-03T15:39:13,enter,1,0.61,30-40,0.68
382,1,2024-01-03T15:53:01,person counter,0.81,2024-01-03T15:53:01,enter,0,0.62,30-40,0.53
383,1,2024-01-03T16:11:27,person counter,0.77,2024-01-03T16:11:27,enter,1,0.83,30-40,0.54
384,1,2024-01-03T16:13:33,person counter,0.95,2024-01-03T16:13:33,exit,0,0.82,30-40,0.51
385,1,2024-01-03T16:21:05,person counter,0.76,2024-01-03T16:21:05,exit,0,0.88,30-40,0.7
386,1,2024-01-03T16:28:52,person counter,0.57,2024-01-03T16:28:52,enter,0,0.91,30-40,0.77
387,1,2024-01-03T16:29:34,person counter,0.99,2024-01-03T16:29:34,enter,0,0.64,30-40,0.55
388,1,2024-01-03T16:30:43,person counter,0.63,2024-01-03T16:30:43,enter,1,0.88,30-40,0.87
389,1,2024-01-03T16:35:23,person counter,0.89,2024-01-03T16:35:23,exit,0,0.96,20-25,0.83
390,1,2024-01-03T16:37:02,person counter,0.58,2024-01-03T16:37:02,enter,0,0.65,20-25,0.69
391,1,2024-01-03T16:47:50,person counter,0.56,2024-01-03T16:47:50,exit,1,0.75,20-25,0.61
392,1,2024-01-03T17:15:00,person counter,0.77,2024-01-03T17:15:00,exit,1,0.94,30-40,0.8
393,1,2024-01-03T17:17:22,person counter,0.55,2024-01-03T17:17:22,exit,1,0.63,20-25,0.7
394,1,2024-01-03T17:20:34,person counter,0.65,2024-01-03T17:20:34,exit,0,0.83,20-25,0.96
395,1,2024-01-03T17:32:12,person counter,0.71,2024-01-03T17:32:12,exit,1,0.55,30-40,0.71
396,1,2024-01-03T17:37:04,person counter,0.66,2024-01-03T17:37:04,enter,1,0.55,20-25,0.94
397,1,2024-01-03T17:49:20,person counter,0.51,2024-01-03T17:49:20,enter,0,0.76,30-40,0.66
398,1,2024-01-03T18:04:39,person counter,0.8,2024-01-03T18:04:39,enter,0,0.62,30-40,0.69
399,1,2024-01-03T18:08:02,person counter,0.57,2024-01-03T18:08:02,exit,1,0.9,30-40,0.97
400,1,2024-01-03T18:09:57,person counter,0.86,2024-01-03T18:09:57,exit,1,0.98,20-25,0.83
401,1,2024-01-03T18:11:58,person counter,1.0,2024-01-03T18:11:58,exit,0,0.6,20-25,0.68
402,1,2024-01-03T19:05:08,person counter,0.93,2024-01-03T19:05:08,enter,0,0.85,30-40,0.66
403,1,2024-01-03T19:12:24,person counter,0.89,2024-01-03T19:12:24,exit,0,0.69,20-25,0.69
404,1,2024-01-03T19:14:21,person counter,0.57,2024-01-03T19:14:21,exit,1,0.69,30-40,0.89
405,1,2024-01-03T19:16:01,person counter,0.6,2024-01-03T19:16:01,enter,1,0.98,20-25,0.75
406,1,2024-01-03T19:45:31,person counter,0.83,2024-01-03T19:45:31,exit,0,0.92,30-40,0.99
407,1,2024-01-03T19:51:22,person counter,0.91,2024-01-03T19:51:22,exit,1,0.67,20-25,0.8
408,1,2024-01-03T19:54:38,person counter,0.66,2024-01-03T19:54:38,exit,1,0.54,20-25,0.66
409,1,2024-01-03T20:14:42,person counter,0.72,2024-01-03T20:14:42,enter,0,0.8,20-25,0.71
410,1,2024-01-03T20:16:23,person counter,0.79,2024-01-03T20:16:23,enter,0,0.85,20-25,0.52
411,1,2024-01-03T20:30:03,person counter,0.8,2024-01-03T20:30:03,exit,1,0.58,20-25,1.0
412,1,2024-01-03T20:31:25,person counter,0.76,2024-01-03T20:31:25,exit,0,0.58,20-25,0.85
413,1,2024-01-03T20:33:32,person counter,0.88,2024-01-03T20:33:32,enter,0,0.7,20-25,0.93
414,1,2024-01-03T20:36:44,person counter,0.7,2024-01-03T20:36:44,enter,0,0.77,30-40,0.61
415,1,2024-01-03T20:42:24,person counter,0.66,2024-01-03T20:42:24,exit,0,0.58,20-25,0.66
416,1,2024-01-03T20:44:04,person counter,0.51,2024-01-03T20:44:04,enter,0,0.88,30-40,0.51
417,1,2024-01-03T20:45:59,person counter,0.59,2024-01-03T20:45:59,enter,0,0.88,20-25,0.95
418,1,2024-01-03T20:56:40,person counter,0.9,2024-01-03T20:56:40,enter,1,0.87,30-40,0.78
419,1,2024-01-03T21:04:14,person counter,0.65,2024-01-03T21:04:14,enter,0,0.86,30-40,0.71
420,1,2024-01-03T21:05:44,person counter,0.6,2024-01-03T21:05:44,enter,1,0.99,30-40,0.85
421,1,2024-01-03T21:06:42,person counter,0.99,2024-01-03T21:06:42,exit,0,0.78,20-25,0.6
422,1,2024-01-03T21:21:59,person counter,0.75,2024-01-03T21:21:59,enter,0,0.54,30-40,0.6
423,1,2024-01-03T21:24:05,person counter,0.83,2024-01-03T21:24:05,exit,1,0.82,20-25,0.92
424,1,2024-01-03T21:26:17,person counter,0.56,2024-01-03T21:26:17,exit,1,0.97,20-25,0.82
425,1,2024-01-03T21:44:24,person counter,0.54,2024-01-03T21:44:24,enter,0,0.53,30-40,0.88
426,1,2024-01-03T21:44:48,person counter,0.59,2024-01-03T21:44:48,exit,0,0.84,30-40,0.87
427,1,2024-01-03T21:45:18,person counter,0.73,2024-01-03T21:45:18,exit,0,0.79,30-40,0.9
428,1,2024-01-03T21:56:16,person counter,0.99,2024-01-03T21:56:16,exit,1,0.86,30-40,0.55
429,1,2024-01-03T21:57:41,person counter,0.89,2024-01-03T21:57:41,enter,1,0.52,30-40,0.5
430,1,2024-01-03T22:09:22,person counter,0.73,2024-01-03T22:09:22,enter,0,0.5,20-25,0.68
431,1,2024-01-03T22:33:04,person counter,0.98,2024-01-03T22:33:04,enter,1,0.94,30-40,0.61
432,1,2024-01-03T22:34:20,person counter,0.62,2024-01-03T22:34:20,enter,1,0.94,30-40,0.89
433,1,2024-01-03T22:38:21,person counter,0.71,2024-01-03T22:38:21,exit,0,0.85,20-25,0.71
434,1,2024-01-03T22:40:10,person counter,0.89,2024-01-03T22:40:10,enter,0,0.64,30-40,0.9
435,1,2024-01-03T22:41:30,person counter,0.57,2024-01-03T22:41:30,enter,1,0.95,20-25,0.58
436,1,2024-01-03T22:57:16,person counter,0.93,2024-01-03T22:57:16,exit,0,0.82,20-25,0.95
437,1,2024-01-03T23:00:40,person counter,0.92,2024-01-03T23:00:40,exit,1,0.61,20-25,0.66
438,1,2024-01-03T23:13:33,person counter,0.55,2024-01-03T23:13:33,exit,1,0.54,20-25,0.63
439,1,2024-01-03T23:35:44,person counter,0.95,2024-01-03T23:35:44,enter,0,0.92,30-40,0.82
440,1,2024-01-03T23:40:40,person counter,0.58,2024-01-03T23:40:40,enter,1,0.99,20-25,0.79
441,1,2024-01-04T00:17:35,person counter,0.84,2024-01-04T00:17:35,enter,0,0.88,20-25,0.9
442,1,2024-01-04T00:24:00,person counter,0.52,2024-01-04T00:24:00,exit,1,0.87,30-40,0.53
443,1,2024-01-04T00:28:47,person counter,0.53,2024-01-04T00:28:47,enter,0,0.9,30-40,0.58
444,1,2024-01-04T00:35:22,person counter,0.58,2024-01-04T00:35:22,exit,0,0.51,30-40,0.87
445,1,2024-01-04T00:42:51,person counter,0.53,2024-01-04T00:42:51,enter,0,0.51,30-40,0.87
446,1,2024-01-04T00:42:56,person counter,0.67,2024-01-04T00:42:56,exit,0,0.5,30-40,0.73
447,1,2024-01-04T01:09:55,person counter,0.77,2024-01-04T01:09:55,enter,1,0.8,30-40,0.51
448,1,2024-01-04T01:12:18,person counter,0.53,2024-01-04T01:12:18,enter,1,0.82,20-25,0.86
449,1,2024-01-04T01:21:39,person counter,0.99,2024-01-04T01:21:39,exit,1,0.65,20-25,0.67
450,1,2024-01-04T01:44:05,person counter,0.69,2024-01-04T01:44:05,enter,1,0.68,20-25,0.55
451,1,2024-01-04T01:47:51,person counter,0.93,2024-01-04T01:47:51,exit,1,0.91,20-25,0.88
452,1,2024-01-04T01:49:10,person counter,0.51,2024-01-04T01:49:10,enter,0,0.56,30-40,0.88
453,1,2024-01-04T01:54:05,person counter,0.76,2024-01-04T01:54:05,enter,1,0.81,20-25,0.96
454,1,2024-01-04T01:59:13,person counter,0.54,2024-01-04T01:59:13,enter,1,0.6,30-40,0.67
455,1,2024-01-04T02:02:19,person counter,0.84,2024-01-04T02:02:19,enter,0,0.96,30-40,0.6
456,1,2024-01-04T02:07:34,person counter,0.75,2024-01-04T02:07:34,exit,0,0.95,30-40,0.77
457,1,2024-01-04T02:07:43,person counter,0.99,2024-01-04T02:07:43,enter,1,0.64,20-25,0.62
458,1,2024-01-04T03:01:22,person counter,0.96,2024-01-04T03:01:22,exit,1,0.75,20-25,0.77
459,1,2024-01-04T03:05:43,person counter,0.85,2024-01-04T03:05:43,exit,0,0.81,20-25,0.61
460,1,2024-01-04T03:07:15,person counter,0.6,2024-01-04T03:07:15,exit,0,0.87,30-40,0.58
461,1,2024-01-04T03:12:19,person counter,0.58,2024-01-04T03:12:19,enter,1,0.61,30-40,0.52
462,1,2024-01-04T03:35:05,person counter,0.5,2024-01-04T03:35:05,exit,1,0.58,30-40,0.78
463,1,2024-01-04T03:40:08,person counter,0.91,2024-01-04T03:40:08,exit,1,0.56,20-25,0.95
464,1,2024-01-04T03:43:49,person counter,0.76,2024-01-04T03:43:49,exit,0,0.78,20-25,0.92
465,1,2024-01-04T03:47:27,person counter,0.59,2024-01-04T03:47:27,enter,0,0.66,30-40,0.88
466,1,2024-01-04T03:54:23,person counter,0.84,2024-01-04T03:54:23,exit,1,0.72,30-40,0.86
467,1,2024-01-04T03:56:31,person counter,0.64,2024-01-04T03:56:31,enter,1,0.94,30-40,0.74
468,1,2024-01-04T04:02:11,person counter,0.77,2024-01-04T04:02:11,enter,1,0.51,30-40,0.58
469,1,2024-01-04T04:17:27,person counter,0.73,2024-01-04T04:17:27,exit,0,0.9,20-25,0.74
470,1,2024-01-04T04:24:20,person counter,0.75,2024-01-04T04:24:20,exit,1,0.72,30-40,0.8
471,1,2024-01-04T04:47:03,person counter,0.88,2024-01-04T04:47:03,exit,0,0.78,20-25,0.53
472,1,2024-01-04T05:09:09,person counter,0.63,2024-01-04T05:09:09,enter,1,0.89,20-25,0.63
473,1,2024-01-04T05:19:37,person counter,0.57,2024-01-04T05:19:37,enter,0,0.86,20-25,0.54
474,1,2024-01-04T05:59:27,person counter,0.62,2024-01-04T05:59:27,exit,0,0.62,30-40,0.53
475,1,2024-01-04T06:04:20,person counter,0.83,2024-01-04T06:04:20,enter,1,0.71,20-25,0.96
476,1,2024-01-04T06:06:07,person counter,0.96,2024-01-04T06:06:07,enter,0,0.99,20-25,0.83
477,1,2024-01-04T06:12:57,person counter,0.89,2024-01-04T06:12:57,enter,1,0.83,20-25,0.61
478,1,2024-01-04T06:16:34,person counter,0.55,2024-01-04T06:16:34,enter,0,0.53,20-25,0.64
479,1,2024-01-04T06:19:58,person counter,0.91,2024-01-04T06:19:58,exit,0,0.59,20-25,0.95
480,1,2024-01-04T06:24:30,person counter,0.64,2024-01-04T06:24:30,enter,0,0.86,20-25,0.92
481,1,2024-01-04T06:38:31,person counter,0.95,2024-01-04T06:38:31,exit,0,0.52,20-25,0.54
482,1,2024-01-04T06:44:20,person counter,0.64,2024-01-04T06:44:20,exit,0,0.68,30-40,0.89
483,1,2024-01-04T06:46:19,person counter,0.65,2024-01-04T06:46:19,exit,0,0.83,20-25,1.0
484,1,2024-01-04T06:48:29,person counter,0.98,2024-01-04T06:48:29,exit,0,0.51,20-25,0.59
485,1,2024-01-04T06:56:02,person counter,0.78,2024-01-04T06:56:02,enter,0,0.83,20-25,0.95
486,1,2024-01-04T07:12:06,person counter,0.68,2024-01-04T07:12:06,exit,0,0.95,30-40,0.94
487,1,2024-01-04T07:21:11,person counter,0.75,2024-01-04T07:21:11,enter,1,0.95,30-40,0.65
488,1,2024-01-04T07:39:39,person counter,0.99,2024-01-04T07:39:39,enter,1,0.96,30-40,0.62
489,1,2024-01-04T07:44:45,person counter,1.0,2024-01-04T07:44:45,enter,1,0.98,30-40,0.89
490,1,2024-01-04T07:45:02,person counter,0.66,2024-01-04T07:45:02,exit,0,0.88,30-40,0.85
491,1,2024-01-04T08:37:59,person counter,0.97,2024-01-04T08:37:59,exit,0,0.8,20-25,0.61
492,1,2024-01-04T08:53:21,person counter,0.78,2024-01-04T08:53:21,enter,0,0.59,20-25,0.84
493,1,2024-01-04T09:01:18,person counter,0.84,2024-01-04T09:01:18,enter,0,0.87,30-40,0.64
494,1,2024-01-04T09:10:43,person counter,0.74,2024-01-04T09:10:43,exit,0,0.73,20-25,0.82
495,1,2024-01-04T09:11:04,person counter,0.52,2024-01-04T09:11:04,exit,1,0.98,20-25,0.72
496,1,2024-01-04T09:23:26,person counter,0.61,2024-01-04T09:23:26,exit,0,0.88,30-40,0.62
497,1,2024-01-04T09:29:54,person counter,0.57,2024-01-04T09:29:54,exit,1,0.98,30-40,0.82
498,1,2024-01-04T09:36:44,person counter,0.72,2024-01-04T09:36:44,exit,1,0.63,30-40,0.95
499,1,2024-01-04T09:52:05,person counter,0.83,2024-01-04T09:52:05,exit,0,0.96,20-25,0.51
500,1,2024-01-04T09:53:48,person counter,0.99,2024-01-04T09:53:48,exit,1,0.92,30-40,0.88
501,1,2024-01-04T10:03:56,person counter,0.58,2024-01-04T10:03:56,enter,1,0.63,30-40,0.77
502,1,2024-01-04T10:17:37,person counter,0.55,2024-01-04T10:17:37,enter,1,0.99,30-40,0.79
503,1,2024-01-04T10:30:29,person counter,0.59,2024-01-04T10:30:29,enter,1,0.98,20-25,0.53
504,1,2024-01-04T10:34:13,person counter,0.72,2024-01-04T10:34:13,exit,0,0.7,20-25,0.78
505,1,2024-01-04T11:08:01,person counter,0.73,2024-01-04T11:08:01,enter,0,0.97,30-40,1.0
506,1,2024-01-04T11:23:58,person counter,0.58,2024-01-04T11:23:58,enter,1,0.58,30-40,0.6
507,1,2024-01-04T11:25:55,person counter,0.99,2024-01-04T11:25:55,enter,0,0.91,30-40,0.63
508,1,2024-01-04T11:33:50,person counter,0.61,2024-01-04T11:33:50,exit,1,0.82,20-25,0.63
509,1,2024-01-04T11:47:19,person counter,0.58,2024-01-04T11:47:19,exit,1,0.75,20-25,0.63
510,1,2024-01-04T11:51:56,person counter,0.55,2024-01-04T11:51:56,enter,0,0.62,30-40,0.73
511,1,2024-01-04T11:52:00,person counter,0.92,2024-01-04T11:52:00,enter,0,0.98,20-25,0.74
512,1,2024-01-04T11:53:40,person counter,0.91,2024-01-04T11:53:40,exit,1,0.73,30-40,0.77
513,1,2024-01-04T11:53:50,person counter,0.86,2024-01-04T11:53:50,exit,1,0.66,20-25,0.9
514,1,2024-01-04T12:04:53,person counter,0.57,2024-01-04T12:04:53,enter,1,0.67,30-40,0.51
515,1,2024-01-04T12:13:11,person counter,0.6,2024-01-04T12:13:11,enter,0,0.98,30-40,0.7
516,1,2024-01-04T12:19:55,person counter,0.63,2024-01-04T12:19:55,exit,1,0.95,30-40,0.99
517,1,2024-01-04T12:32:36,person counter,0.51,2024-01-04T12:32:36,exit,0,0.91,30-40,0.83
518,1,2024-01-04T12:35:49,person counter,0.6,2024-01-04T12:35:49,exit,0,0.69,30-40,0.69
519,1,2024-01-04T12:36:18,person counter,0.51,2024-01-04T12:36:18,exit,0,0.88,30-40,0.86
520,1,2024-01-04T12:46:52,person counter,0.54,2024-01-04T12:46:52,enter,1,0.59,30-40,0.93
521,1,2024-01-04T12:49:22,person counter,0.6,2024-01-04T12:49:22,exit,0,0.85,30-40,0.91
522,1,2024-01-04T13:21:26,person counter,0.87,2024-01-04T13:21:26,enter,1,0.56,30-40,0.76
523,1,2024-01-04T13:22:55,person counter,0.84,2024-01-04T13:22:55,exit,1,0.98,30-40,0.6
524,1,2024-01-04T13:25:40,person counter,0.55,2024-01-04T13:25:40,enter,0,0.99,20-25,0.89
525,1,2024-01-04T13:31:33,person counter,0.53,2024-01-04T13:31:33,exit,1,0.91,30-40,0.82
526,1,2024-01-04T13:58:53,person counter,0.57,2024-01-04T13:58:53,enter,0,0.81,30-40,0.78
527,1,2024-01-04T14:03:27,person counter,0.6,2024-01-04T14:03:27,enter,0,0.65,20-25,0.85
528,1,2024-01-04T14:47:48,person counter,0.97,2024-01-04T14:47:48,exit,1,0.57,30-40,0.9
529,1,2024-01-04T15:32:29,person counter,0.54,2024-01-04T15:32:29,exit,0,0.91,20-25,0.79
530,1,2024-01-04T15:40:17,person counter,0.85,2024-01-04T15:40:17,enter,1,0.6,20-25,0.58
531,1,2024-01-04T16:03:39,person counter,0.97,2024-01-04T16:03:39,exit,1,0.84,30-40,0.56
532,1,2024-01-04T16:10:50,person counter,0.8,2024-01-04T16:10:50,enter,1,0.8,20-25,0.51
533,1,2024-01-04T16:16:54,person counter,0.88,2024-01-04T16:16:54,exit,0,0.57,20-25,0.64
534,1,2024-01-04T16:21:33,person counter,0.93,2024-01-04T16:21:33,exit,0,0.77,20-25,0.89
535,1,2024-01-04T16:37:22,person counter,0.54,2024-01-04T16:37:22,enter,1,0.75,30-40,0.52
536,1,2024-01-04T16:38:27,person counter,0.59,2024-01-04T16:38:27,exit,0,0.64,20-25,0.71
537,1,2024-01-04T16:43:49,person counter,0.87,2024-01-04T16:43:49,exit,0,0.69,30-40,0.96
538,1,2024-01-04T16:55:59,person counter,0.85,2024-01-04T16:55:59,enter,0,0.67,20-25,0.82
539,1,2024-01-04T17:24:14,person counter,0.76,2024-01-04T17:24:14,exit,0,0.95,20-25,0.86
540,1,2024-01-04T17:35:59,person counter,0.54,2024-01-04T17:35:59,exit,1,0.82,30-40,0.77
541,1,2024-01-04T18:00:55,person counter,0.76,2024-01-04T18:00:55,enter,1,0.64,20-25,0.63
542,1,2024-01-04T18:06:13,person counter,0.75,2024-01-04T18:06:13,enter,0,0.84,20-25,0.72
543,1,2024-01-04T18:10:29,person counter,0.67,2024-01-04T18:10:29,exit,0,0.88,20-25,0.6
544,1,2024-01-04T18:19:53,person counter,0.54,2024-01-04T18:19:53,exit,1,0.85,30-40,0.71
545,1,2024-01-04T18:28:47,person counter,0.56,2024-01-04T18:28:47,enter,0,0.61,20-25,0.99
546,1,2024-01-04T18:29:22,person counter,0.7,2024-01-04T18:29:22,enter,0,0.86,20-25,0.94
547,1,2024-01-04T18:35:50,person counter,0.65,2024-01-04T18:35:50,enter,1,0.73,30-40,0.66
548,1,2024-01-04T18:39:57,person counter,1.0,2024-01-04T18:39:57,enter,1,0.63,20-25,0.7
549,1,2024-01-04T18:43:40,person counter,0.9,2024-01-04T18:43:40,exit,0,0.85,30-40,0.79
550,1,2024-01-04T18:45:16,person counter,0.58,2024-01-04T18:45:16,enter,1,0.51,30-40,0.82
551,1,2024-01-04T18:47:23,person counter,0.68,2024-01-04T18:47:23,exit,1,0.97,20-25,0.81
552,1,2024-01-04T19:01:15,person counter,0.63,2024-01-04T19:01:15,enter,0,0.63,30-40,0.86
553,1,2024-01-04T19:16:52,person counter,0.83,2024-01-04T19:16:52,exit,0,0.72,20-25,0.66
554,1,2024-01-04T19:34:03,person counter,0.93,2024-01-04T19:34:03,exit,1,0.93,30-40,0.71
555,1,2024-01-04T19:40:51,person counter,0.79,2024-01-04T19:40:51,exit,1,0.98,20-25,0.7
556,1,2024-01-04T20:03:51,person counter,0.86,2024-01-04T20:03:51,exit,1,0.51,30-40,0.68
557,1,2024-01-04T20:03:59,person counter,0.63,2024-01-04T20:03:59,enter,1,0.64,30-40,0.73
558,1,2024-01-04T20:10:58,person counter,0.95,2024-01-04T20:10:58,enter,0,0.91,20-25,0.66
559,1,2024-01-04T20:21:05,person counter,0.81,2024-01-04T20:21:05,enter,1,0.62,30-40,0.92
560,1,2024-01-04T20:29:47,person counter,0.72,2024-01-04T20:29:47,exit,1,0.59,20-25,0.76
561,1,2024-01-04T20:32:52,person counter,0.75,2024-01-04T20:32:52,enter,1,0.53,20-25,0.86
562,1,2024-01-04T20:47:07,person counter,0.94,2024-01-04T20:47:07,exit,1,0.79,30-40,0.6
563,1,2024-01-04T20:48:08,person counter,0.92,2024-01-04T20:48:08,enter,0,0.58,30-40,0.96
564,1,2024-01-04T20:49:59,person counter,0.81,2024-01-04T20:49:59,enter,1,0.6,20-25,0.89
565,1,2024-01-04T21:10:58,person counter,0.79,2024-01-04T21:10:58,exit,0,0.65,20-25,0.88
566,1,2024-01-04T21:22:19,person counter,0.64,2024-01-04T21:22:19,enter,0,0.85,30-40,0.79
567,1,2024-01-04T21:38:48,person counter,0.54,2024-01-04T21:38:48,exit,1,0.78,20-25,0.95
568,1,2024-01-04T21:41:12,person counter,0.9,2024-01-04T21:41:12,exit,0,0.87,20-25,0.64
569,1,2024-01-04T21:55:23,person counter,0.68,2024-01-04T21:55:23,exit,1,0.79,30-40,0.88
570,1,2024-01-04T22:17:10,person counter,0.73,2024-01-04T22:17:10,enter,1,0.62,30-40,0.66
571,1,2024-01-04T22:24:13,person counter,1.0,2024-01-04T22:24:13,exit,1,0.7,30-40,0.51
572,1,2024-01-04T22:27:45,person counter,0.69,2024-01-04T22:27:45,exit,0,0.52,30-40,0.53
573,1,2024-01-04T22:31:27,person counter,0.66,2024-01-04T22:31:27,exit,0,0.57,20-25,0.59
574,1,2024-01-04T22:35:26,person counter,0.57,2024-01-04T22:35:26,enter,0,0.81,30-40,0.61
575,1,2024-01-04T22:39:13,person counter,0.69,2024-01-04T22:39:13,enter,1,0.53,30-40,0.9
576,1,2024-01-04T22:41:20,person counter,0.61,2024-01-04T22:41:20,exit,0,0.86,30-40,0.83
577,1,2024-01-04T22:51:15,person counter,0.8,2024-01-04T22:51:15,exit,0,0.51,20-25,1.0
578,1,2024-01-04T23:00:46,person counter,0.61,2024-01-04T23:00:46,exit,1,0.75,20-25,0.89
579,1,2024-01-04T23:05:56,person counter,0.94,2024-01-04T23:05:56,exit,1,0.94,30-40,0.52
580,1,2024-01-04T23:18:16,person counter,0.61,2024-01-04T23:18:16,enter,1,0.78,20-25,0.57
581,1,2024-01-04T23:25:16,person counter,0.78,2024-01-04T23:25:16,enter,0,0.59,20-25,0.94
582,1,2024-01-04T23:32:26,person counter,0.78,2024-01-04T23:32:26,exit,1,0.96,30-40,0.73
583,1,2024-01-04T23:45:20,person counter,0.98,2024-01-04T23:45:20,enter,0,0.58,30-40,0.55
584,1,2024-01-04T23:46:45,person counter,0.64,2024-01-04T23:46:45,enter,1,0.99,20-25,0.9
585,1,2024-01-04T23:58:38,person counter,0.95,2024-01-04T23:58:38,exit,1,0.56,30-40,0.75
586,1,2024-01-04T23:59:36,person counter,0.64,2024-01-04T23:59:36,enter,0,1.0,30-40,0.56
587,1,2024-01-05T00:03:31,person counter,0.9,2024-01-05T00:03:31,enter,1,0.57,20-25,0.95
588,1,2024-01-05T01:09:13,person counter,0.82,2024-01-05T01:09:13,enter,1,0.6,30-40,0.93
589,1,2024-01-05T01:09:15,person counter,0.92,2024-01-05T01:09:15,exit,1,0.53,30-40,0.77
590,1,2024-01-05T01:20:21,person counter,0.88,2024-01-05T01:20:21,enter,1,0.69,20-25,0.91
591,1,2024-01-05T01:23:47,person counter,0.72,2024-01-05T01:23:47,exit,0,0.71,20-25,0.65
592,1,2024-01-05T01:32:07,person counter,0.99,2024-01-05T01:32:07,enter,1,0.99,20-25,0.95
593,1,2024-01-05T01:34:59,person counter,0.88,2024-01-05T01:34:59,enter,0,0.55,20-25,0.65
594,1,2024-01-05T01:50:31,person counter,0.91,2024-01-05T01:50:31,enter,0,0.9,30-40,0.94
595,1,2024-01-05T01:52:44,person counter,0.92,2024-01-05T01:52:44,enter,0,0.59,30-40,0.67
596,1,2024-01-05T02:01:23,person counter,0.56,2024-01-05T02:01:23,enter,0,0.84,30-40,0.57
597,1,2024-01-05T02:23:45,person counter,0.94,2024-01-05T02:23:45,exit,1,0.62,30-40,0.64
598,1,2024-01-05T02:25:38,person counter,0.68,2024-01-05T02:25:38,enter,0,1.0,20-25,0.76
599,1,2024-01-05T02:38:29,person counter,0.53,2024-01-05T02:38:29,enter,0,0.66,20-25,0.81
600,1,2024-01-05T03:00:19,person counter,0.58,2024-01-05T03:00:19,enter,1,0.57,30-40,0.97
601,1,2024-01-05T03:16:32,person counter,0.53,2024-01-05T03:16:32,enter,1,0.96,20-25,1.0
602,1,2024-01-05T03:22:20,person counter,0.86,2024-01-05T03:22:20,exit,1,0.54,30-40,0.74
603,1,2024-01-05T03:22:22,person counter,0.92,2024-01-05T03:22:22,enter,1,0.56,30-40,0.78
604,1,2024-01-05T03:38:40,person counter,0.63,2024-01-05T03:38:40,enter,0,1.0,30-40,0.65
605,1,2024-01-05T03:38:46,person counter,0.92,2024-01-05T03:38:46,enter,1,0.79,30-40,0.84
606,1,2024-01-05T03:40:48,person counter,0.93,2024-01-05T03:40:48,enter,0,0.72,30-40,0.89
607,1,2024-01-05T03:42:20,person counter,0.81,2024-01-05T03:42:20,enter,1,0.94,20-25,0.57
608,1,2024-01-05T03:52:56,person counter,0.69,2024-01-05T03:52:56,exit,0,0.55,30-40,0.72
609,1,2024-01-05T03:53:08,person counter,0.99,2024-01-05T03:53:08,exit,0,0.95,20-25,0.84
610,1,2024-01-05T04:27:54,person counter,0.78,2024-01-05T04:27:54,exit,0,0.62,30-40,0.54
611,1,2024-01-05T04:35:01,person counter,0.61,2024-01-05T04:35:01,exit,0,0.63,20-25,0.57
612,1,2024-01-05T04:36:27,person counter,0.59,2024-01-05T04:36:27,enter,1,0.9,20-25,0.97
613,1,2024-01-05T04:38:04,person counter,0.78,2024-01-05T04:38:04,enter,0,0.68,20-25,0.66
614,1,2024-01-05T04:48:19,person counter,0.79,2024-01-05T04:48:19,exit,0,0.62,20-25,0.8
615,1,2024-01-05T04:49:56,person counter,0.59,2024-01-05T04:49:56,enter,0,0.95,20-25,0.95
616,1,2024-01-05T04:54:37,person counter,0.54,2024-01-05T04:54:37,exit,1,0.64,30-40,0.52
617,1,2024-01-05T05:03:01,person counter,0.54,2024-01-05T05:03:01,enter,1,0.86,20-25,0.83
618,1,2024-01-05T05:10:36,person counter,0.98,2024-01-05T05:10:36,enter,1,0.9,30-40,0.78
619,1,2024-01-05T05:26:32,person counter,0.74,2024-01-05T05:26:32,enter,0,0.53,20-25,1.0
620,1,2024-01-05T05:29:01,person counter,0.55,2024-01-05T05:29:01,enter,1,0.57,30-40,0.77
621,1,2024-01-05T05:29:08,person counter,0.67,2024-01-05T05:29:08,exit,1,0.95,30-40,0.71
622,1,2024-01-05T05:39:50,person counter,0.64,2024-01-05T05:39:50,exit,0,0.87,30-40,0.88
623,1,2024-01-05T05:56:29,person counter,0.86,2024-01-05T05:56:29,enter,0,0.73,30-40,0.83
624,1,2024-01-05T05:57:46,person counter,0.83,2024-01-05T05:57:46,enter,1,0.63,30-40,0.95
625,1,2024-01-05T06:24:54,person counter,0.88,2024-01-05T06:24:54,exit,0,0.74,30-40,0.56
626,1,2024-01-05T07:02:09,person counter,0.83,2024-01-05T07:02:09,enter,0,0.5,20-25,0.53
627,1,2024-01-05T07:14:06,person counter,0.76,2024-01-05T07:14:06,enter,0,0.94,30-40,0.57
628,1,2024-01-05T07:20:32,person counter,0.75,2024-01-05T07:20:32,exit,1,0.56,20-25,0.69
629,1,2024-01-05T07:22:31,person counter,0.99,2024-01-05T07:22:31,enter,0,0.64,30-40,0.95
630,1,2024-01-05T07:27:51,person counter,0.57,2024-01-05T07:27:51,enter,1,0.63,30-40,0.66
631,1,2024-01-05T07:32:31,person counter,0.84,2024-01-05T07:32:31,enter,0,0.53,20-25,0.76
632,1,2024-01-05T07:33:14,person counter,0.63,2024-01-05T07:33:14,exit,1,0.85,30-40,0.66
633,1,2024-01-05T07:40:40,person counter,0.67,2024-01-05T07:40:40,exit,1,0.87,20-25,0.8
634,1,2024-01-05T07:50:24,person counter,0.95,2024-01-05T07:50:24,exit,0,0.69,30-40,0.99
635,1,2024-01-05T08:21:30,person counter,0.89,2024-01-05T08:21:30,exit,1,0.54,30-40,0.59
636,1,2024-01-05T08:34:24,person counter,0.54,2024-01-05T08:34:24,exit,0,0.7,30-40,0.69
637,1,2024-01-05T09:06:46,person counter,0.52,2024-01-05T09:06:46,enter,1,0.69,30-40,0.64
638,1,2024-01-05T09:14:55,person counter,0.5,2024-01-05T09:14:55,exit,0,0.89,30-40,0.92
639,1,2024-01-05T09:39:50,person counter,0.8,2024-01-05T09:39:50,enter,1,0.91,30-40,1.0
640,1,2024-01-05T09:55:11,person counter,0.83,2024-01-05T09:55:11,exit,1,0.71,30-40,0.94
641,1,2024-01-05T09:56:45,person counter,0.94,2024-01-05T09:56:45,enter,1,0.67,20-25,0.86
642,1,2024-01-05T10:21:26,person counter,0.97,2024-01-05T10:21:26,exit,1,0.62,20-25,0.89
643,1,2024-01-05T10:23:16,person counter,0.66,2024-01-05T10:23:16,enter,1,0.53,20-25,0.51
644,1,2024-01-05T10:42:05,person counter,0.5,2024-01-05T10:42:05,exit,1,1.0,30-40,0.81
645,1,2024-01-05T10:48:32,person counter,0.88,2024-01-05T10:48:32,enter,1,0.51,20-25,0.8
646,1,2024-01-05T11:01:43,person counter,0.84,2024-01-05T11:01:43,enter,1,0.85,30-40,0.64
647,1,2024-01-05T11:05:52,person counter,0.82,2024-01-05T11:05:52,enter,0,0.88,20-25,0.8
648,1,2024-01-05T11:18:12,person counter,0.9,2024-01-05T11:18:12,enter,0,0.57,20-25,0.97
649,1,2024-01-05T11:32:00,person counter,0.7,2024-01-05T11:32:00,exit,1,0.52,30-40,0.89
650,1,2024-01-05T11:45:50,person counter,0.52,2024-01-05T11:45:50,exit,1,0.68,20-25,1.0
651,1,2024-01-05T11:53:21,person counter,0.7,2024-01-05T11:53:21,enter,1,0.81,20-25,0.92
652,1,2024-01-05T11:57:51,person counter,0.71,2024-01-05T11:57:51,exit,1,0.64,20-25,0.73
653,1,2024-01-05T12:09:13,person counter,0.85,2024-01-05T12:09:13,enter,1,1.0,30-40,0.5
654,1,2024-01-05T12:22:47,person counter,0.82,2024-01-05T12:22:47,enter,0,0.86,20-25,0.56
655,1,2024-01-05T12:50:24,person counter,0.69,2024-01-05T12:50:24,enter,0,0.92,20-25,0.83
656,1,2024-01-05T12:51:12,person counter,0.96,2024-01-05T12:51:12,enter,0,0.8,20-25,0.95
657,1,2024-01-05T12:54:47,person counter,0.71,2024-01-05T12:54:47,exit,0,0.72,30-40,0.97
658,1,2024-01-05T13:06:00,person counter,0.59,2024-01-05T13:06:00,enter,1,0.8,30-40,0.7
659,1,2024-01-05T13:12:24,person counter,0.56,2024-01-05T13:12:24,exit,0,0.51,20-25,0.73
660,1,2024-01-05T13:26:11,person counter,0.74,2024-01-05T13:26:11,enter,1,0.7,20-25,0.63
661,1,2024-01-05T13:31:48,person counter,1.0,2024-01-05T13:31:48,exit,1,0.7,30-40,0.53
662,1,2024-01-05T13:36:03,person counter,0.95,2024-01-05T13:36:03,enter,0,0.97,30-40,0.76
663,1,2024-01-05T13:42:49,person counter,0.92,2024-01-05T13:42:49,enter,1,0.85,20-25,0.87
664,1,2024-01-05T13:56:25,person counter,0.74,2024-01-05T13:56:25,exit,0,0.62,30-40,0.87
665,1,2024-01-05T13:56:50,person counter,0.63,2024-01-05T13:56:50,exit,0,0.79,20-25,0.69
666,1,2024-01-05T13:57:37,person counter,0.66,2024-01-05T13:57:37,exit,0,0.79,20-25,0.7
667,1,2024-01-05T13:58:20,person counter,0.85,2024-01-05T13:58:20,exit,0,0.68,20-25,0.61
668,1,2024-01-05T14:19:55,person counter,0.63,2024-01-05T14:19:55,enter,0,0.97,20-25,0.88
669,1,2024-01-05T14:27:05,person counter,0.89,2024-01-05T14:27:05,enter,0,0.78,20-25,0.93
670,1,2024-01-05T14:30:03,person counter,0.54,2024-01-05T14:30:03,enter,1,0.71,30-40,0.72
671,1,2024-01-05T14:39:59,person counter,0.6,2024-01-05T14:39:59,enter,1,0.98,30-40,0.66
672,1,2024-01-05T14:51:47,person counter,0.91,2024-01-05T14:51:47,enter,1,0.72,30-40,0.6
673,1,2024-01-05T14:55:26,person counter,0.75,2024-01-05T14:55:26,exit,1,0.8,20-25,0.92
674,1,2024-01-05T15:15:02,person counter,0.82,2024-01-05T15:15:02,enter,0,0.74,30-40,0.53
675,1,2024-01-05T15:19:35,person counter,0.62,2024-01-05T15:19:35,exit,0,0.55,20-25,0.86
676,1,2024-01-05T15:38:39,person counter,0.93,2024-01-05T15:38:39,enter,1,0.6,30-40,0.76
677,1,2024-01-05T16:14:14,person counter,0.73,2024-01-05T16:14:14,exit,0,0.9,20-25,0.59
678,1,2024-01-05T16:28:44,person counter,0.77,2024-01-05T16:28:44,exit,0,0.8,30-40,0.98
679,1,2024-01-05T16:39:51,person counter,0.74,2024-01-05T16:39:51,enter,0,0.57,20-25,0.93
680,1,2024-01-05T16:47:14,person counter,0.79,2024-01-05T16:47:14,exit,0,0.67,20-25,0.52
681,1,2024-01-05T16:47:23,person counter,0.97,2024-01-05T16:47:23,exit,1,0.96,20-25,0.63
682,1,2024-01-05T16:49:42,person counter,0.65,2024-01-05T16:49:42,enter,1,0.76,30-40,0.52
683,1,2024-01-05T17:13:02,person counter,0.81,2024-01-05T17:13:02,enter,1,0.83,30-40,0.73
684,1,2024-01-05T17:21:25,person counter,0.72,2024-01-05T17:21:25,exit,1,0.98,20-25,0.91
685,1,2024-01-05T17:46:10,person counter,0.82,2024-01-05T17:46:10,enter,0,0.96,30-40,0.57
686,1,2024-01-05T18:33:52,person counter,0.83,2024-01-05T18:33:52,enter,0,0.95,20-25,0.63
687,1,2024-01-05T18:48:08,person counter,0.91,2024-01-05T18:48:08,enter,0,0.65,30-40,0.59
688,1,2024-01-05T18:50:52,person counter,0.66,2024-01-05T18:50:52,enter,1,0.62,30-40,0.58
689,1,2024-01-05T18:53:24,person counter,0.83,2024-01-05T18:53:24,exit,0,0.83,30-40,0.96
690,1,2024-01-05T18:56:55,person counter,0.79,2024-01-05T18:56:55,enter,0,0.64,30-40,0.51
691,1,2024-01-05T19:06:01,person counter,0.59,2024-01-05T19:06:01,exit,1,0.55,20-25,0.6
692,1,2024-01-05T19:14:35,person counter,0.72,2024-01-05T19:14:35,enter,0,0.96,20-25,0.88
693,1,2024-01-05T19:47:36,person counter,0.61,2024-01-05T19:47:36,enter,1,0.9,30-40,0.75
694,1,2024-01-05T19:54:23,person counter,0.81,2024-01-05T19:54:23,exit,1,0.52,20-25,0.79
695,1,2024-01-05T19:58:18,person counter,0.51,2024-01-05T19:58:18,enter,1,0.53,20-25,0.77
696,1,2024-01-05T20:17:52,person counter,0.72,2024-01-05T20:17:52,exit,0,0.75,20-25,0.74
697,1,2024-01-05T20:44:29,person counter,0.53,2024-01-05T20:44:29,enter,1,0.82,20-25,0.61
698,1,2024-01-05T21:03:49,person counter,0.95,2024-01-05T21:03:49,exit,1,0.92,20-25,0.8
699,1,2024-01-05T21:10:17,person counter,0.52,2024-01-05T21:10:17,enter,0,0.88,20-25,0.77
700,1,2024-01-05T21:11:53,person counter,0.95,2024-01-05T21:11:53,enter,1,0.52,30-40,0.69
701,1,2024-01-05T21:21:24,person counter,0.74,2024-01-05T21:21:24,exit,1,0.88,30-40,0.76
702,1,2024-01-05T21:28:27,person counter,0.76,2024-01-05T21:28:27,exit,1,0.81,30-40,0.91
703,1,2024-01-05T21:35:58,person counter,0.78,2024-01-05T21:35:58,enter,1,0.67,30-40,0.64
704,1,2024-01-05T21:44:41,person counter,0.66,2024-01-05T21:44:41,exit,1,0.93,20-25,0.72
705,1,2024-01-05T22:00:35,person counter,0.56,2024-01-05T22:00:35,enter,1,0.84,30-40,0.83
706,1,2024-01-05T22:39:30,person counter,0.54,2024-01-05T22:39:30,exit,1,0.59,20-25,0.78
707,1,2024-01-05T23:00:41,person counter,0.96,2024-01-05T23:00:41,enter,1,0.55,30-40,0.61
708,1,2024-01-05T23:09:18,person counter,0.81,2024-01-05T23:09:18,enter,1,0.85,30-40,0.98
709,1,2024-01-05T23:18:26,person counter,0.51,2024-01-05T23:18:26,enter,1,0.81,20-25,0.98
710,1,2024-01-05T23:19:36,person counter,0.94,2024-01-05T23:19:36,enter,0,0.83,30-40,0.95
711,1,2024-01-05T23:24:30,person counter,0.63,2024-01-05T23:24:30,enter,0,0.66,30-40,0.89
712,1,2024-01-05T23:25:51,person counter,0.6,2024-01-05T23:25:51,exit,0,0.88,20-25,0.59
713,1,2024-01-05T23:44:58,person counter,0.72,2024-01-05T23:44:58,exit,0,0.69,30-40,0.81
714,1,2024-01-05T23:46:28,person counter,0.69,2024-01-05T23:46:28,enter,1,0.93,20-25,0.88
715,1,2024-01-06T00:14:40,person counter,0.87,2024-01-06T00:14:40,enter,0,0.76,30-40,0.92
716,1,2024-01-06T00:20:03,person counter,0.83,2024-01-06T00:20:03,exit,0,0.74,30-40,0.63
717,1,2024-01-06T00:22:34,person counter,0.77,2024-01-06T00:22:34,enter,0,0.87,20-25,0.82
718,1,2024-01-06T00:23:52,person counter,0.52,2024-01-06T00:23:52,enter,0,0.99,20-25,0.89
719,1,2024-01-06T00:27:21,person counter,0.73,2024-01-06T00:27:21,enter,0,0.55,20-25,0.54
720,1,2024-01-06T00:31:14,person counter,0.91,2024-01-06T00:31:14,enter,0,0.74,30-40,0.84
721,1,2024-01-06T00:32:49,person counter,0.84,2024-01-06T00:32:49,exit,1,0.88,20-25,0.77
722,1,2024-01-06T00:33:23,person counter,0.7,2024-01-06T00:33:23,enter,0,0.7,20-25,0.56
723,1,2024-01-06T00:36:24,person counter,0.84,2024-01-06T00:36:24,exit,1,0.89,20-25,0.96
724,1,2024-01-06T00:42:05,person counter,0.96,2024-01-06T00:42:05,exit,0,0.62,30-40,0.99
725,1,2024-01-06T00:42:25,person counter,0.52,2024-01-06T00:42:25,enter,0,0.59,20-25,0.77
726,1,2024-01-06T00:45:14,person counter,0.89,2024-01-06T00:45:14,enter,1,0.61,30-40,0.59
727,1,2024-01-06T00:55:07,person counter,0.77,2024-01-06T00:55:07,enter,0,0.68,30-40,0.77
728,1,2024-01-06T01:10:32,person counter,0.65,2024-01-06T01:10:32,exit,0,0.79,30-40,0.58
729,1,2024-01-06T01:19:20,person counter,0.6,2024-01-06T01:19:20,enter,0,0.56,30-40,0.56
730,1,2024-01-06T02:02:54,person counter,0.54,2024-01-06T02:02:54,enter,0,0.65,20-25,0.78
731,1,2024-01-06T02:36:21,person counter,0.85,2024-01-06T02:36:21,exit,0,0.63,30-40,0.88
732,1,2024-01-06T02:47:47,person counter,0.94,2024-01-06T02:47:47,exit,0,0.82,30-40,0.62
733,1,2024-01-06T03:10:53,person counter,0.91,2024-01-06T03:10:53,exit,0,0.98,20-25,0.73
734,1,2024-01-06T03:28:30,person counter,0.59,2024-01-06T03:28:30,enter,1,0.68,30-40,0.88
735,1,2024-01-06T03:29:17,person counter,0.73,2024-01-06T03:29:17,enter,0,0.56,20-25,0.52
736,1,2024-01-06T03:57:45,person counter,0.78,2024-01-06T03:57:45,exit,1,0.93,20-25,0.99
737,1,2024-01-06T03:59:00,person counter,0.86,2024-01-06T03:59:00,exit,0,0.96,30-40,0.95
738,1,2024-01-06T04:11:04,person counter,0.84,2024-01-06T04:11:04,exit,0,0.85,30-40,0.95
739,1,2024-01-06T04:25:06,person counter,0.88,2024-01-06T04:25:06,enter,1,0.59,20-25,0.76
740,1,2024-01-06T04:42:02,person counter,0.61,2024-01-06T04:42:02,enter,0,0.84,30-40,0.64
741,1,2024-01-06T04:48:00,person counter,0.64,2024-01-06T04:48:00,enter,0,0.97,20-25,0.59
742,1,2024-01-06T04:52:31,person counter,0.51,2024-01-06T04:52:31,exit,1,0.94,30-40,0.6
743,1,2024-01-06T05:06:20,person counter,0.9,2024-01-06T05:06:20,enter,1,0.58,20-25,0.95
744,1,2024-01-06T05:21:14,person counter,0.74,2024-01-06T05:21:14,exit,0,0.9,20-25,0.54
745,1,2024-01-06T05:23:14,person counter,0.7,2024-01-06T05:23:14,exit,0,0.73,20-25,0.87
746,1,2024-01-06T05:29:41,person counter,0.93,2024-01-06T05:29:41,exit,0,0.65,20-25,0.84
747,1,2024-01-06T05:30:25,person counter,0.84,2024-01-06T05:30:25,enter,1,0.5,20-25,0.79
748,1,2024-01-06T05:33:33,person counter,0.62,2024-01-06T05:33:33,enter,0,0.72,20-25,0.66
749,1,2024-01-06T05:35:56,person counter,0.93,2024-01-06T05:35:56,enter,0,0.94,20-25,0.83
750,1,2024-01-06T05:40:45,person counter,0.98,2024-01-06T05:40:45,exit,1,0.64,20-25,0.87
751,1,2024-01-06T06:16:43,person counter,0.85,2024-01-06T06:16:43,exit,1,0.65,30-40,0.61
752,1,2024-01-06T06:23:47,person counter,0.63,2024-01-06T06:23:47,exit,0,0.75,30-40,0.91
753,1,2024-01-06T06:42:29,person counter,0.64,2024-01-06T06:42:29,exit,1,0.81,30-40,0.82
754,1,2024-01-06T06:53:04,person counter,0.73,2024-01-06T06:53:04,exit,0,0.79,30-40,0.72
755,1,2024-01-06T07:34:29,person counter,0.9,2024-01-06T07:34:29,enter,1,0.78,20-25,0.66
756,1,2024-01-06T07:35:03,person counter,0.98,2024-01-06T07:35:03,exit,0,0.61,30-40,0.95
757,1,2024-01-06T07:57:48,person counter,0.88,2024-01-06T07:57:48,enter,1,0.51,20-25,0.7
758,1,2024-01-06T08:03:38,person counter,0.9,2024-01-06T08:03:38,exit,0,0.51,20-25,0.68
759,1,2024-01-06T08:08:47,person counter,0.59,2024-01-06T08:08:47,exit,0,0.61,30-40,0.89
760,1,2024-01-06T08:09:09,person counter,0.93,2024-01-06T08:09:09,enter,1,0.72,30-40,0.55
761,1,2024-01-06T08:24:07,person counter,0.61,2024-01-06T08:24:07,exit,0,0.57,30-40,0.82
762,1,2024-01-06T08:26:52,person counter,0.85,2024-01-06T08:26:52,enter,1,0.59,30-40,0.52
763,1,2024-01-06T08:28:05,person counter,0.82,2024-01-06T08:28:05,exit,1,0.54,30-40,0.86
764,1,2024-01-06T08:30:27,person counter,0.77,2024-01-06T08:30:27,exit,0,0.76,30-40,0.79
765,1,2024-01-06T08:34:05,person counter,0.74,2024-01-06T08:34:05,exit,0,0.92,30-40,0.87
766,1,2024-01-06T08:40:18,person counter,0.59,2024-01-06T08:40:18,exit,1,0.83,30-40,0.83
767,1,2024-01-06T08:46:08,person counter,0.5,2024-01-06T08:46:08,enter,1,0.95,20-25,0.78
768,1,2024-01-06T08:50:49,person counter,0.95,2024-01-06T08:50:49,exit,1,0.86,20-25,0.57
769,1,2024-01-06T08:53:04,person counter,0.99,2024-01-06T08:53:04,exit,1,0.96,30-40,0.86
770,1,2024-01-06T08:56:38,person counter,0.97,2024-01-06T08:56:38,enter,0,0.74,20-25,0.82
771,1,2024-01-06T08:56:47,person counter,0.53,2024-01-06T08:56:47,exit,1,0.67,20-25,0.69
772,1,2024-01-06T09:09:32,person counter,0.77,2024-01-06T09:09:32,exit,0,0.96,30-40,0.86
773,1,2024-01-06T09:10:36,person counter,0.5,2024-01-06T09:10:36,exit,1,0.7,30-40,0.95
774,1,2024-01-06T09:11:12,person counter,0.97,2024-01-06T09:11:12,enter,1,0.75,20-25,0.79
775,1,2024-01-06T09:22:50,person counter,0.59,2024-01-06T09:22:50,exit,0,0.8,20-25,0.75
776,1,2024-01-06T09:42:58,person counter,0.69,2024-01-06T09:42:58,exit,0,0.75,30-40,0.54
777,1,2024-01-06T09:43:12,person counter,0.7,2024-01-06T09:43:12,exit,1,0.53,20-25,0.76
778,1,2024-01-06T09:52:08,person counter,0.66,2024-01-06T09:52:08,enter,0,0.81,20-25,0.77
779,1,2024-01-06T09:53:17,person counter,0.7,2024-01-06T09:53:17,exit,1,0.91,30-40,0.85
780,1,2024-01-06T09:53:26,person counter,0.53,2024-01-06T09:53:26,enter,0,0.95,20-25,0.66
781,1,2024-01-06T10:20:59,person counter,0.6,2024-01-06T10:20:59,enter,0,0.57,30-40,0.58
782,1,2024-01-06T10:26:13,person counter,0.92,2024-01-06T10:26:13,exit,1,0.59,20-25,0.81
783,1,2024-01-06T10:54:40,person counter,0.73,2024-01-06T10:54:40,enter,0,0.52,20-25,1.0
784,1,2024-01-06T11:00:03,person counter,0.6,2024-01-06T11:00:03,enter,1,0.84,30-40,0.75
785,1,2024-01-06T11:05:42,person counter,0.56,2024-01-06T11:05:42,exit,1,0.74,20-25,0.82
786,1,2024-01-06T11:22:35,person counter,0.79,2024-01-06T11:22:35,enter,0,0.93,30-40,0.73
787,1,2024-01-06T11:27:05,person counter,0.84,2024-01-06T11:27:05,enter,1,0.89,20-25,0.79
788,1,2024-01-06T12:00:53,person counter,0.62,2024-01-06T12:00:53,exit,1,0.97,30-40,0.87
789,1,2024-01-06T12:02:43,person counter,0.78,2024-01-06T12:02:43,exit,1,0.6,30-40,0.72
790,1,2024-01-06T12:06:44,person counter,0.62,2024-01-06T12:06:44,exit,0,0.73,20-25,0.63
791,1,2024-01-06T12:11:31,person counter,0.8,2024-01-06T12:11:31,enter,1,0.62,30-40,0.61
792,1,2024-01-06T12:15:11,person counter,0.89,2024-01-06T12:15:11,enter,0,0.85,20-25,0.99
793,1,2024-01-06T12:25:43,person counter,0.82,2024-01-06T12:25:43,enter,1,0.94,20-25,0.78
794,1,2024-01-06T12:32:48,person counter,0.77,2024-01-06T12:32:48,exit,1,0.85,20-25,0.95
795,1,2024-01-06T12:43:51,person counter,0.63,2024-01-06T12:43:51,exit,0,0.92,20-25,1.0
796,1,2024-01-06T12:44:56,person counter,0.56,2024-01-06T12:44:56,exit,1,0.78,20-25,0.5
797,1,2024-01-06T12:55:34,person counter,0.56,2024-01-06T12:55:34,enter,1,0.56,20-25,0.59
798,1,2024-01-06T13:29:23,person counter,0.59,2024-01-06T13:29:23,exit,1,0.99,30-40,0.78
799,1,2024-01-06T13:48:46,person counter,0.96,2024-01-06T13:48:46,exit,1,0.65,20-25,0.82
800,1,2024-01-06T13:57:10,person counter,0.87,2024-01-06T13:57:10,enter,1,0.53,30-40,0.51
801,1,2024-01-06T14:01:26,person counter,0.78,2024-01-06T14:01:26,enter,0,0.89,30-40,0.52
802,1,2024-01-06T14:16:17,person counter,0.8,2024-01-06T14:16:17,exit,0,0.73,30-40,0.84
803,1,2024-01-06T14:20:42,person counter,0.51,2024-01-06T14:20:42,enter,1,0.64,20-25,0.64
804,1,2024-01-06T14:25:54,person counter,0.98,2024-01-06T14:25:54,enter,0,0.9,30-40,0.97
805,1,2024-01-06T14:29:05,person counter,0.78,2024-01-06T14:29:05,exit,0,0.83,20-25,0.9
806,1,2024-01-06T14:40:37,person counter,0.74,2024-01-06T14:40:37,enter,0,0.61,20-25,0.97
807,1,2024-01-06T14:42:20,person counter,0.72,2024-01-06T14:42:20,enter,0,0.92,30-40,0.54
808,1,2024-01-06T15:40:15,person counter,0.53,2024-01-06T15:40:15,exit,0,0.63,20-25,0.63
809,1,2024-01-06T16:06:52,person counter,1.0,2024-01-06T16:06:52,enter,0,0.66,30-40,0.67
810,1,2024-01-06T16:15:30,person counter,0.69,2024-01-06T16:15:30,exit,0,0.74,20-25,0.58
811,1,2024-01-06T16:21:44,person counter,0.96,2024-01-06T16:21:44,enter,1,0.64,20-25,0.71
812,1,2024-01-06T16:25:24,person counter,0.7,2024-01-06T16:25:24,exit,0,0.77,30-40,0.54
813,1,2024-01-06T16:29:49,person counter,0.96,2024-01-06T16:29:49,exit,1,0.78,20-25,0.51
814,1,2024-01-06T16:40:55,person counter,0.98,2024-01-06T16:40:55,exit,0,0.51,30-40,0.78
815,1,2024-01-06T17:16:59,person counter,0.78,2024-01-06T17:16:59,exit,0,0.82,30-40,0.95
816,1,2024-01-06T17:18:44,person counter,0.71,2024-01-06T17:18:44,enter,0,0.82,20-25,0.62
817,1,2024-01-06T17:52:26,person counter,0.8,2024-01-06T17:52:26,exit,0,0.57,30-40,0.63
818,1,2024-01-06T17:57:06,person counter,0.56,2024-01-06T17:57:06,exit,0,0.74,20-25,0.96
819,1,2024-01-06T18:08:49,person counter,0.94,2024-01-06T18:08:49,exit,1,0.82,20-25,0.81
820,1,2024-01-06T18:15:27,person counter,0.99,2024-01-06T18:15:27,exit,0,0.73,20-25,0.82
821,1,2024-01-06T18:30:06,person counter,0.57,2024-01-06T18:30:06,enter,0,0.98,30-40,0.86
822,1,2024-01-06T19:07:27,person counter,0.69,2024-01-06T19:07:27,enter,1,0.53,20-25,0.86
823,1,2024-01-06T19:28:51,person counter,0.81,2024-01-06T19:28:51,enter,0,0.81,30-40,0.82
824,1,2024-01-06T19:30:41,person counter,0.77,2024-01-06T19:30:41,exit,0,0.55,30-40,0.76
825,1,2024-01-06T19:36:15,person counter,0.84,2024-01-06T19:36:15,enter,1,0.96,30-40,0.6
826,1,2024-01-06T19:56:24,person counter,0.93,2024-01-06T19:56:24,enter,1,0.79,20-25,0.65
827,1,2024-01-06T19:57:36,person counter,0.54,2024-01-06T19:57:36,exit,1,0.61,20-25,0.57
828,1,2024-01-06T20:00:24,person counter,0.84,2024-01-06T20:00:24,enter,0,0.67,20-25,0.52
829,1,2024-01-06T20:07:15,person counter,0.55,2024-01-06T20:07:15,exit,1,0.85,20-25,0.55
830,1,2024-01-06T20:16:52,person counter,0.9,2024-01-06T20:16:52,enter,1,0.68,30-40,0.67
831,1,2024-01-06T20:20:39,person counter,0.76,2024-01-06T20:20:39,exit,0,0.8,20-25,0.87
832,1,2024-01-06T20:35:17,person counter,0.92,2024-01-06T20:35:17,enter,0,0.77,20-25,0.55
833,1,2024-01-06T20:36:17,person counter,0.66,2024-01-06T20:36:17,enter,1,0.56,20-25,0.52
834,1,2024-01-06T20:39:16,person counter,0.61,2024-01-06T20:39:16,enter,1,0.82,30-40,0.9
835,1,2024-01-06T20:39:27,person counter,0.66,2024-01-06T20:39:27,enter,0,0.91,20-25,0.67
836,1,2024-01-06T20:41:30,person counter,0.82,2024-01-06T20:41:30,enter,0,0.95,20-25,0.77
837,1,2024-01-06T20:48:08,person counter,0.82,2024-01-06T20:48:08,exit,0,0.53,20-25,0.87
838,1,2024-01-06T21:00:11,person counter,0.87,2024-01-06T21:00:11,exit,0,0.98,30-40,0.52
839,1,2024-01-06T21:15:57,person counter,0.66,2024-01-06T21:15:57,exit,0,0.56,30-40,0.52
840,1,2024-01-06T21:18:31,person counter,0.97,2024-01-06T21:18:31,enter,0,0.98,20-25,0.9
841,1,2024-01-06T21:28:57,person counter,0.51,2024-01-06T21:28:57,exit,0,0.96,20-25,0.75
842,1,2024-01-06T21:31:47,person counter,0.84,2024-01-06T21:31:47,exit,1,0.81,20-25,0.88
843,1,2024-01-06T21:36:49,person counter,0.7,2024-01-06T21:36:49,exit,0,0.54,20-25,0.94
844,1,2024-01-06T21:37:21,person counter,0.57,2024-01-06T21:37:21,exit,0,0.74,20-25,0.71
845,1,2024-01-06T21:39:38,person counter,0.58,2024-01-06T21:39:38,enter,1,0.76,30-40,0.75
846,1,2024-01-06T21:48:19,person counter,0.6,2024-01-06T21:48:19,exit,1,0.94,30-40,0.52
847,1,2024-01-06T21:54:50,person counter,0.91,2024-01-06T21:54:50,enter,1,0.68,20-25,0.58
848,1,2024-01-06T21:58:13,person counter,0.56,2024-01-06T21:58:13,enter,0,0.84,30-40,0.68
849,1,2024-01-06T22:01:25,person counter,0.61,2024-01-06T22:01:25,exit,0,0.53,30-40,0.67
850,1,2024-01-06T22:20:16,person counter,0.93,2024-01-06T22:20:16,exit,0,0.73,20-25,0.91
851,1,2024-01-06T22:36:29,person counter,0.99,2024-01-06T22:36:29,exit,0,0.88,30-40,0.82
852,1,2024-01-06T22:43:33,person counter,0.91,2024-01-06T22:43:33,enter,1,0.59,20-25,0.92
853,1,2024-01-06T23:03:10,person counter,0.81,2024-01-06T23:03:10,enter,0,0.78,30-40,0.57
854,1,2024-01-06T23:08:14,person counter,0.78,2024-01-06T23:08:14,enter,0,0.62,20-25,0.99
855,1,2024-01-06T23:09:16,person counter,0.54,2024-01-06T23:09:16,enter,0,0.56,20-25,0.93
856,1,2024-01-06T23:18:51,person counter,0.78,2024-01-06T23:18:51,exit,0,0.98,30-40,0.86
857,1,2024-01-06T23:35:34,person counter,0.54,2024-01-06T23:35:34,exit,1,0.53,20-25,0.58
858,1,2024-01-06T23:36:31,person counter,0.67,2024-01-06T23:36:31,enter,0,0.51,20-25,0.64
859,1,2024-01-06T23:38:21,person counter,0.84,2024-01-06T23:38:21,enter,0,0.87,20-25,0.97
860,1,2024-01-06T23:47:28,person counter,0.59,2024-01-06T23:47:28,exit,0,0.78,20-25,0.68
861,1,2024-01-06T23:48:24,person counter,0.55,2024-01-06T23:48:24,enter,0,0.56,20-25,0.98
862,1,2024-01-07T00:06:31,person counter,0.52,2024-01-07T00:06:31,enter,1,0.89,30-40,0.86
863,1,2024-01-07T00:17:38,person counter,0.77,2024-01-07T00:17:38,enter,0,0.7,20-25,0.71
864,1,2024-01-07T00:20:41,person counter,0.84,2024-01-07T00:20:41,exit,0,0.58,20-25,0.78
865,1,2024-01-07T00:26:06,person counter,0.97,2024-01-07T00:26:06,exit,1,0.51,30-40,0.71
866,1,2024-01-07T00:31:09,person counter,1.0,2024-01-07T00:31:09,exit,1,0.97,20-25,0.6
867,1,2024-01-07T00:43:50,person counter,0.73,2024-01-07T00:43:50,exit,1,0.94,20-25,0.74
868,1,2024-01-07T00:45:44,person counter,0.58,2024-01-07T00:45:44,enter,1,0.85,20-25,0.7
869,1,2024-01-07T00:50:22,person counter,0.57,2024-01-07T00:50:22,enter,1,0.73,30-40,0.77
870,1,2024-01-07T00:57:38,person counter,0.51,2024-01-07T00:57:38,exit,0,0.97,20-25,0.73
871,1,2024-01-07T01:05:05,person counter,0.85,2024-01-07T01:05:05,enter,0,0.76,30-40,0.56
872,1,2024-01-07T01:18:21,person counter,0.89,2024-01-07T01:18:21,enter,0,0.57,30-40,0.89
873,1,2024-01-07T01:22:53,person counter,0.95,2024-01-07T01:22:53,exit,0,0.76,20-25,0.74
874,1,2024-01-07T01:25:14,person counter,0.96,2024-01-07T01:25:14,enter,0,0.57,20-25,0.74
875,1,2024-01-07T01:48:23,person counter,0.65,2024-01-07T01:48:23,exit,1,0.94,20-25,0.85
876,1,2024-01-07T01:51:56,person counter,0.92,2024-01-07T01:51:56,exit,0,0.88,20-25,0.75
877,1,2024-01-07T02:02:31,person counter,0.52,2024-01-07T02:02:31,enter,0,0.74,30-40,0.79
878,1,2024-01-07T02:03:42,person counter,0.53,2024-01-07T02:03:42,exit,1,0.77,20-25,0.93
879,1,2024-01-07T02:07:24,person counter,0.62,2024-01-07T02:07:24,enter,1,0.63,30-40,0.71
880,1,2024-01-07T02:19:01,person counter,0.55,2024-01-07T02:19:01,exit,0,0.83,30-40,0.7
881,1,2024-01-07T02:35:02,person counter,0.72,2024-01-07T02:35:02,exit,0,0.95,20-25,0.85
882,1,2024-01-07T02:42:04,person counter,0.63,2024-01-07T02:42:04,enter,1,0.93,30-40,0.61
883,1,2024-01-07T02:48:17,person counter,0.95,2024-01-07T02:48:17,exit,0,0.99,20-25,0.63
884,1,2024-01-07T02:48:17,person counter,0.57,2024-01-07T02:48:17,enter,0,0.84,20-25,0.94
885,1,2024-01-07T03:03:34,person counter,0.66,2024-01-07T03:03:34,exit,0,0.7,30-40,0.59
886,1,2024-01-07T03:07:18,person counter,0.63,2024-01-07T03:07:18,exit,1,0.9,30-40,0.74
887,1,2024-01-07T03:07:27,person counter,0.75,2024-01-07T03:07:27,exit,0,0.91,20-25,0.97
888,1,2024-01-07T03:13:14,person counter,0.67,2024-01-07T03:13:14,exit,1,0.83,20-25,0.91
889,1,2024-01-07T03:15:39,person counter,0.96,2024-01-07T03:15:39,exit,0,0.97,30-40,0.87
890,1,2024-01-07T03:18:27,person counter,0.72,2024-01-07T03:18:27,enter,0,0.65,30-40,0.61
891,1,2024-01-07T03:29:22,person counter,0.81,2024-01-07T03:29:22,exit,1,0.88,20-25,0.64
892,1,2024-01-07T03:45:09,person counter,0.92,2024-01-07T03:45:09,exit,1,0.59,20-25,0.53
893,1,2024-01-07T04:02:09,person counter,0.72,2024-01-07T04:02:09,exit,0,0.99,20-25,0.92
894,1,2024-01-07T04:47:50,person counter,0.53,2024-01-07T04:47:50,enter,1,0.92,30-40,0.55
895,1,2024-01-07T04:54:53,person counter,0.72,2024-01-07T04:54:53,enter,1,0.91,30-40,0.69
896,1,2024-01-07T05:01:07,person counter,0.99,2024-01-07T05:01:07,exit,1,0.91,30-40,0.74
897,1,2024-01-07T05:16:03,person counter,0.85,2024-01-07T05:16:03,enter,0,0.71,20-25,0.76
898,1,2024-01-07T05:36:50,person counter,0.7,2024-01-07T05:36:50,exit,0,0.52,20-25,0.7
899,1,2024-01-07T05:38:51,person counter,0.92,2024-01-07T05:38:51,enter,1,0.84,20-25,0.68
900,1,2024-01-07T05:48:37,person counter,0.81,2024-01-07T05:48:37,enter,0,0.8,30-40,0.57
901,1,2024-01-07T05:50:45,person counter,0.53,2024-01-07T05:50:45,enter,0,0.64,20-25,0.78
902,1,2024-01-07T05:54:12,person counter,0.56,2024-01-07T05:54:12,enter,0,0.91,20-25,0.94
903,1,2024-01-07T05:55:15,person counter,0.54,2024-01-07T05:55:15,exit,0,0.86,20-25,0.82
904,1,2024-01-07T06:02:41,person counter,0.65,2024-01-07T06:02:41,exit,0,0.59,30-40,0.77
905,1,2024-01-07T06:21:05,person counter,0.87,2024-01-07T06:21:05,enter,1,0.91,20-25,0.67
906,1,2024-01-07T06:24:07,person counter,0.73,2024-01-07T06:24:07,enter,1,0.9,30-40,0.86
907,1,2024-01-07T06:36:36,person counter,0.52,2024-01-07T06:36:36,exit,0,0.79,20-25,0.53
908,1,2024-01-07T06:49:44,person counter,0.72,2024-01-07T06:49:44,exit,0,0.94,30-40,0.52
909,1,2024-01-07T06:51:33,person counter,0.73,2024-01-07T06:51:33,enter,0,0.69,30-40,0.72
910,1,2024-01-07T07:23:50,person counter,0.98,2024-01-07T07:23:50,exit,1,0.95,20-25,0.71
911,1,2024-01-07T07:29:09,person counter,0.69,2024-01-07T07:29:09,enter,0,0.84,30-40,0.72
912,1,2024-01-07T07:39:15,person counter,0.79,2024-01-07T07:39:15,exit,1,0.65,30-40,0.51
913,1,2024-01-07T07:53:07,person counter,0.51,2024-01-07T07:53:07,exit,0,0.99,20-25,0.65
914,1,2024-01-07T08:07:57,person counter,0.69,2024-01-07T08:07:57,enter,1,0.73,20-25,0.72
915,1,2024-01-07T08:14:12,person counter,0.61,2024-01-07T08:14:12,enter,0,0.56,20-25,0.89
916,1,2024-01-07T08:31:28,person counter,0.9,2024-01-07T08:31:28,exit,0,0.94,30-40,0.57
917,1,2024-01-07T08:36:52,person counter,0.55,2024-01-07T08:36:52,exit,0,0.91,20-25,0.68
918,1,2024-01-07T08:49:36,person counter,0.62,2024-01-07T08:49:36,enter,1,0.87,20-25,0.97
919,1,2024-01-07T08:51:56,person counter,0.92,2024-01-07T08:51:56,exit,0,0.83,20-25,0.57
920,1,2024-01-07T08:55:00,person counter,0.99,2024-01-07T08:55:00,exit,1,0.98,20-25,0.95
921,1,2024-01-07T09:01:44,person counter,0.87,2024-01-07T09:01:44,enter,0,1.0,20-25,0.69
922,1,2024-01-07T09:07:59,person counter,0.84,2024-01-07T09:07:59,enter,1,0.75,20-25,0.96
923,1,2024-01-07T09:28:27,person counter,0.51,2024-01-07T09:28:27,exit,0,0.9,20-25,0.96
924,1,2024-01-07T09:40:33,person counter,0.67,2024-01-07T09:40:33,exit,1,0.93,30-40,0.87
925,1,2024-01-07T10:03:26,person counter,0.72,2024-01-07T10:03:26,exit,0,0.83,20-25,0.92
926,1,2024-01-07T10:17:12,person counter,0.71,2024-01-07T10:17:12,exit,1,0.98,20-25,0.87
927,1,2024-01-07T10:21:52,person counter,0.84,2024-01-07T10:21:52,exit,0,0.65,20-25,0.62
928,1,2024-01-07T10:21:56,person counter,0.54,2024-01-07T10:21:56,exit,0,0.85,20-25,0.66
929,1,2024-01-07T10:37:33,person counter,0.98,2024-01-07T10:37:33,enter,0,0.89,20-25,0.79
930,1,2024-01-07T10:54:28,person counter,0.6,2024-01-07T10:54:28,enter,0,0.56,30-40,0.54
931,1,2024-01-07T11:00:29,person counter,0.78,2024-01-07T11:00:29,exit,0,0.69,20-25,0.84
932,1,2024-01-07T11:23:06,person counter,0.94,2024-01-07T11:23:06,exit,0,0.86,20-25,0.69
933,1,2024-01-07T11:27:00,person counter,0.86,2024-01-07T11:27:00,exit,1,0.6,20-25,0.76
934,1,2024-01-07T11:37:55,person counter,0.73,2024-01-07T11:37:55,enter,1,0.64,20-25,0.53
935,1,2024-01-07T11:47:11,person counter,0.6,2024-01-07T11:47:11,exit,0,0.75,30-40,0.6
936,1,2024-01-07T11:55:50,person counter,0.6,2024-01-07T11:55:50,exit,1,0.93,20-25,0.97
937,1,2024-01-07T12:19:06,person counter,0.88,2024-01-07T12:19:06,enter,0,0.9,20-25,0.73
938,1,2024-01-07T12:27:15,person counter,0.65,2024-01-07T12:27:15,enter,0,0.89,30-40,0.91
939,1,2024-01-07T12:33:37,person counter,0.73,2024-01-07T12:33:37,enter,0,0.82,20-25,0.78
940,1,2024-01-07T12:43:27,person counter,0.63,2024-01-07T12:43:27,exit,0,0.82,20-25,0.6
941,1,2024-01-07T12:47:20,person counter,0.67,2024-01-07T12:47:20,exit,0,0.59,30-40,0.7
942,1,2024-01-07T12:54:35,person counter,0.68,2024-01-07T12:54:35,enter,1,0.83,30-40,0.83
943,1,2024-01-07T13:25:20,person counter,0.65,2024-01-07T13:25:20,exit,1,0.56,20-25,0.5
944,1,2024-01-07T13:26:24,person counter,0.96,2024-01-07T13:26:24,enter,1,0.87,30-40,0.97
945,1,2024-01-07T13:30:34,person counter,0.89,2024-01-07T13:30:34,enter,1,0.87,20-25,0.61
946,1,2024-01-07T13:38:15,person counter,0.54,2024-01-07T13:38:15,exit,0,0.98,20-25,0.74
947,1,2024-01-07T14:11:01,person counter,0.53,2024-01-07T14:11:01,exit,0,0.84,30-40,0.82
948,1,2024-01-07T14:43:28,person counter,0.89,2024-01-07T14:43:28,exit,1,0.54,20-25,0.77
949,1,2024-01-07T15:07:26,person counter,0.6,2024-01-07T15:07:26,exit,1,0.53,30-40,0.54
950,1,2024-01-07T15:09:34,person counter,0.73,2024-01-07T15:09:34,exit,1,0.93,30-40,0.71
951,1,2024-01-07T15:19:14,person counter,0.7,2024-01-07T15:19:14,exit,0,0.68,30-40,0.86
952,1,2024-01-07T15:33:47,person counter,0.86,2024-01-07T15:33:47,enter,1,0.98,30-40,0.59
953,1,2024-01-07T15:36:17,person counter,0.65,2024-01-07T15:36:17,enter,1,0.64,20-25,0.64
954,1,2024-01-07T15:54:00,person counter,0.89,2024-01-07T15:54:00,exit,1,0.52,30-40,0.68
955,1,2024-01-07T16:22:16,person counter,0.58,2024-01-07T16:22:16,exit,0,0.99,30-40,0.78
956,1,2024-01-07T16:54:05,person counter,0.64,2024-01-07T16:54:05,enter,0,0.78,20-25,0.62
957,1,2024-01-07T17:11:44,person counter,0.62,2024-01-07T17:11:44,exit,1,0.52,20-25,0.58
958,1,2024-01-07T17:15:57,person counter,0.77,2024-01-07T17:15:57,enter,0,0.67,20-25,0.82
959,1,2024-01-07T17:37:24,person counter,0.65,2024-01-07T17:37:24,exit,0,0.6,30-40,0.82
960,1,2024-01-07T18:00:58,person counter,0.99,2024-01-07T18:00:58,exit,1,0.6,30-40,0.77
961,1,2024-01-07T18:05:53,person counter,0.8,2024-01-07T18:05:53,exit,0,0.63,20-25,0.85
962,1,2024-01-07T18:15:57,person counter,0.82,2024-01-07T18:15:57,enter,1,0.64,30-40,0.53
963,1,2024-01-07T18:21:04,person counter,0.59,2024-01-07T18:21:04,exit,1,0.7,30-40,0.74
964,1,2024-01-07T18:33:22,person counter,0.87,2024-01-07T18:33:22,enter,1,0.55,20-25,0.66
965,1,2024-01-07T18:45:54,person counter,0.67,2024-01-07T18:45:54,enter,1,0.84,20-25,0.81
966,1,2024-01-07T18:52:30,person counter,0.6,2024-01-07T18:52:30,enter,1,0.85,20-25,0.77
967,1,2024-01-07T19:17:47,person counter,0.75,2024-01-07T19:17:47,exit,1,0.72,30-40,0.9
968,1,2024-01-07T19:18:46,person counter,0.88,2024-01-07T19:18:46,enter,1,0.82,20-25,0.88
969,1,2024-01-07T19:45:27,person counter,0.76,2024-01-07T19:45:27,exit,1,0.77,20-25,0.74
970,1,2024-01-07T19:45:32,person counter,0.59,2024-01-07T19:45:32,enter,0,0.94,20-25,0.89
971,1,2024-01-07T19:50:03,person counter,0.84,2024-01-07T19:50:03,exit,0,0.83,20-25,0.62
972,1,2024-01-07T19:55:59,person counter,0.54,2024-01-07T19:55:59,exit,1,0.66,20-25,0.56
973,1,2024-01-07T20:23:22,person counter,0.57,2024-01-07T20:23:22,exit,1,0.67,30-40,0.54
974,1,2024-01-07T20:41:41,person counter,0.95,2024-01-07T20:41:41,exit,1,0.99,20-25,0.58
975,1,2024-01-07T20:42:09,person counter,0.71,2024-01-07T20:42:09,enter,0,0.63,20-25,0.61
976,1,2024-01-07T20:50:44,person counter,0.7,2024-01-07T20:50:44,exit,0,0.83,20-25,0.94
977,1,2024-01-07T21:06:59,person counter,0.72,2024-01-07T21:06:59,enter,0,0.94,30-40,0.56
978,1,2024-01-07T21:21:54,person counter,0.98,2024-01-07T21:21:54,exit,0,0.52,30-40,0.78
979,1,2024-01-07T21:29:30,person counter,0.71,2024-01-07T21:29:30,exit,1,0.56,30-40,0.81
980,1,2024-01-07T21:33:43,person counter,0.79,2024-01-07T21:33:43,exit,0,0.99,30-40,0.92
981,1,2024-01-07T21:52:31,person counter,0.78,2024-01-07T21:52:31,exit,0,0.57,30-40,0.6
982,1,2024-01-07T21:56:00,person counter,0.8,2024-01-07T21:56:00,enter,0,0.92,30-40,0.77
983,1,2024-01-07T21:56:01,person counter,0.77,2024-01-07T21:56:01,exit,0,0.74,30-40,0.76
984,1,2024-01-07T21:58:19,person counter,0.83,2024-01-07T21:58:19,enter,0,0.89,30-40,0.55
985,1,2024-01-07T22:09:16,person counter,0.97,2024-01-07T22:09:16,exit,1,0.68,30-40,0.75
986,1,2024-01-07T22:10:36,person counter,0.96,2024-01-07T22:10:36,exit,0,0.67,30-40,0.8
987,1,2024-01-07T22:16:35,person counter,0.52,2024-01-07T22:16:35,exit,0,0.81,30-40,0.55
988,1,2024-01-07T22:20:06,person counter,0.81,2024-01-07T22:20:06,enter,1,0.91,30-40,0.69
989,1,2024-01-07T22:21:34,person counter,0.57,2024-01-07T22:21:34,enter,1,0.85,20-25,0.67
990,1,2024-01-07T22:25:14,person counter,0.87,2024-01-07T22:25:14,exit,0,0.71,30-40,0.65
991,1,2024-01-07T22:43:49,person counter,0.56,2024-01-07T22:43:49,enter,0,0.67,30-40,0.99
992,1,2024-01-07T22:44:28,person counter,0.83,2024-01-07T22:44:28,enter,1,0.72,30-40,0.73
993,1,2024-01-07T22:50:20,person counter,0.51,2024-01-07T22:50:20,exit,1,0.52,20-25,0.76
994,1,2024-01-07T22:58:06,person counter,0.99,2024-01-07T22:58:06,enter,1,0.51,30-40,0.7
995,1,2024-01-07T23:09:14,person counter,0.87,2024-01-07T23:09:14,exit,1,0.67,20-25,0.83
996,1,2024-01-07T23:19:44,person counter,0.54,2024-01-07T23:19:44,exit,1,0.99,20-25,0.97
997,1,2024-01-07T23:25:15,person counter,0.59,2024-01-07T23:25:15,exit,0,0.68,30-40,0.97
998,1,2024-01-07T23:28:14,person counter,0.75,2024-01-07T23:28:14,exit,0,0.62,20-25,0.62
999,1,2024-01-07T23:50:47,person counter,0.9,2024-01-07T23:50:47,enter,0,0.75,30-40,0.78
